start,iteration,score,amp_scale_1,amp_scale_2,amp_scale_3,amp_scale_4,amp_scale_5,amp_scale_6,phase_lag_1,phase_lag_2,phase_lag_3,phase_lag_4,phase_lag_5,mean_fx,mean_fy,abs_mean_fy,mean_abs_fy,mean_force_mag,peak_force_mag,energy_proxy,fx_over_abs_fy
1,4,4.661595265484587,1.2400000000000002,1.08,1.0,1.0,1.0,1.0,0.6144393241167435,0.6144393241167435,0.6144393241167435,0.6144393241167435,0.6144393241167435,4.66400058185927,-0.007135818734126815,0.007135818734126815,13.702281021800289,17.193483815348237,27.824437215714795,0.11312999999999918,653.6041280804741
1,4,4.6165298365850855,1.2400000000000002,1.0,1.08,1.0,1.0,1.0,0.6144393241167435,0.6144393241167435,0.6144393241167435,0.6144393241167435,0.6144393241167435,4.618935215150677,-0.0071389282796117184,0.0071389282796117184,13.465924286374591,16.902674535193743,28.03316676936837,0.1131299999999992,647.0068102998085
1,4,4.6103886194625865,1.2400000000000002,1.0,1.0,1.0,1.0,1.08,0.6144393241167435,0.6144393241167435,0.6144393241167435,0.6144393241167435,0.6144393241167435,4.6127713961776005,-0.006008835750696107,0.006008835750696107,13.327483894935538,16.493048539448463,27.406926576146684,0.11312999999999913,767.664750304287
1,4,4.5943482301338845,1.2400000000000002,1.0,1.0,1.0,1.08,1.0,0.6144393241167435,0.6144393241167435,0.6144393241167435,0.6144393241167435,0.6144393241167435,4.596742137225443,-0.0065653545779280195,0.0065653545779280195,13.281934310191133,16.44508739309455,27.27868880107398,0.11312999999999915,700.1513905553816
1,4,4.58328605692927,1.2400000000000002,1.0,1.0,1.08,1.0,1.0,0.6144393241167435,0.6144393241167435,0.6144393241167435,0.6144393241167435,0.6144393241167435,4.585689308369289,-0.00703257200091241,0.00703257200091241,13.299227359227512,16.578419272856774,27.488424028808364,0.1131299999999992,652.0643240871674
1,4,4.580976929771228,1.25,1.0,1.0,1.0,1.0,1.0,0.6144393241167435,0.6144393241167435,0.6144393241167435,0.6144393241167435,0.6144393241167435,4.583324921503251,-0.006657399101142573,0.006657399101142573,13.389124508034465,16.62591786995305,27.604838988715443,0.11074218749999915,688.4557845896064
1,4,4.573389492206398,1.2400000000000002,1.0,1.0,1.0,1.0,1.0,0.6144393241167435,0.6144393241167435,0.6144393241167435,0.6544393241167435,0.6144393241167435,4.575718903652569,-0.006148572308519761,0.006148572308519761,13.318564030726849,16.471655603182402,27.408314184366755,0.11032199999999918,744.1920943683513
1,4,4.569251011238007,1.2400000000000002,1.0,1.0,1.0,1.0,1.0,0.6144393241167435,0.6144393241167435,0.6544393241167435,0.6144393241167435,0.6144393241167435,4.571577304546412,-0.005992665420220419,0.005992665420220419,13.255393267314538,16.326735121090337,27.149435524504476,0.11032199999999917,762.8620962420196
1,4,4.568325916330408,1.2400000000000002,1.0,1.0,1.0,1.0,1.0,0.5744393241167435,0.6144393241167435,0.6144393241167435,0.6144393241167435,0.6144393241167435,4.57067421549978,-0.007092958468628695,0.007092958468628695,13.509477687666955,16.880051556239934,27.625567423647055,0.1103219999999992,644.3960211687865
1,4,4.563782592748669,1.2400000000000002,1.0,1.0,1.0,1.0,1.0,0.6144393241167435,0.6144393241167435,0.6144393241167435,0.6144393241167435,0.6544393241167435,4.56611794442444,-0.006445583788583917,0.006445583788583917,13.329073883244503,16.534744105014298,27.48975253163097,0.11032199999999918,708.4102998570448
1,3,4.558123603132342,1.2400000000000002,1.0,1.0,1.0,1.0,1.0,0.6144393241167435,0.6144393241167435,0.6144393241167435,0.6144393241167435,0.6144393241167435,4.560462650508962,-0.006630368830954921,0.006630368830954921,13.324558149612553,16.54086169400801,27.484626046951313,0.11032199999999918,687.8143232722927
1,4,4.555122995955982,1.2400000000000002,1.0,1.0,1.0,1.0,1.0,0.6144393241167435,0.5744393241167435,0.6144393241167435,0.6144393241167435,0.6144393241167435,4.557474935633394,-0.007274983870593587,0.007274983870593587,13.481461036837157,16.896304674387785,27.750365941618853,0.11032199999999921,626.4584247472065
1,4,4.549816760460237,1.2400000000000002,1.0,1.0,1.0,1.0,1.0,0.6144393241167435,0.6144393241167435,0.6144393241167435,0.6144393241167435,0.5744393241167435,4.552159577865643,-0.006818870270316438,0.006818870270316438,13.320414919393416,16.547339056205278,27.479172504454393,0.11032199999999918,667.582663609524
1,4,4.544159986902861,1.2400000000000002,1.0,1.0,1.0,1.0,1.0,0.6144393241167435,0.6544393241167435,0.6144393241167435,0.6144393241167435,0.6144393241167435,4.546487497479776,-0.006053528845735627,0.006053528845735627,13.152910530908816,16.176992196711012,26.872942359478717,0.11032199999999916,751.0474655923251
1,4,4.539217087957174,1.2400000000000002,1.0,1.0,1.0,1.0,1.0,0.6144393241167435,0.6144393241167435,0.5744393241167435,0.6144393241167435,0.6144393241167435,4.541569213733747,-0.00728428882866956,0.00728428882866956,13.390779983766642,16.756517868806963,27.73940862032228,0.11032199999999921,623.4746205915126
1,4,4.537880269007261,1.2400000000000002,1.0,1.0,1.0,1.0,1.0,0.6144393241167435,0.6144393241167435,0.6144393241167435,0.5744393241167435,0.6144393241167435,4.540228940868841,-0.007111593079015393,0.007111593079015393,13.331568696278662,16.6123486558169,27.563344334098378,0.11032199999999921,638.4264243501177
1,4,4.525848148027176,1.2400000000000002,1.0,1.0,1.0,1.0,1.0,0.6544393241167435,0.6144393241167435,0.6144393241167435,0.6144393241167435,0.6144393241167435,4.528179819155917,-0.006261556437018498,0.006261556437018498,13.11844239263531,16.184454414334922,26.87609905364088,0.11032199999999918,723.1716051276309
1,4,4.52155820444801,1.2400000000000002,1.0,1.0,0.92,1.0,1.0,0.6144393241167435,0.6144393241167435,0.6144393241167435,0.6144393241167435,0.6144393241167435,4.5238375001595434,-0.0062347855766529394,0.0062347855766529394,13.347846806088894,16.4996705994288,27.37860221206345,0.10772999999999917,725.580285727822
1,4,4.506181219846748,1.2400000000000002,1.0,1.0,1.0,0.92,1.0,0.6144393241167435,0.6144393241167435,0.6144393241167435,0.6144393241167435,0.6144393241167435,4.5084695451352035,-0.006686264422786508,0.006686264422786508,13.364456291643783,16.62906108550982,27.568098661562868,0.10772999999999923,674.2882512648661
1,4,4.494552971915285,1.2400000000000002,1.0,0.92,1.0,1.0,1.0,0.6144393241167435,0.6144393241167435,0.6144393241167435,0.6144393241167435,0.6144393241167435,4.4968303449693865,-0.006138652705089043,0.006138652705089043,13.176317786665495,16.18164696308309,26.883840539953884,0.10772999999999916,732.5435337368802
1,4,4.494144831240225,1.2400000000000002,1.0,1.0,1.0,1.0,0.92,0.6144393241167435,0.6144393241167435,0.6144393241167435,0.6144393241167435,0.6144393241167435,4.496443635758662,-0.007210225921887513,0.007210225921887513,13.316994976517709,16.584185885858744,27.53841844911384,0.10772999999999923,623.6203531583058
1,3,4.486646817251752,1.1600000000000001,1.08,1.0,1.0,1.0,1.0,0.6144393241167435,0.6144393241167435,0.6144393241167435,0.6144393241167435,0.6144393241167435,4.4889827231988395,-0.006905297354378831,0.006905297354378831,13.21035837571658,16.529734209972993,27.181646234015155,0.10988999999999922,650.0781201481869
2,4,4.4245776705225275,1.25,1.2202782177955611,0.7364957676317803,1.2191896682823464,0.8370988712062912,0.9039958693835455,0.7810810375281767,0.6136796545476645,0.6698374750692238,0.46102364529722734,0.7514052434699225,4.426940765534189,-0.006807232468090888,0.006807232468090888,13.0151888886793,15.935864604899416,25.576115405006107,0.11134751811496145,650.3290120156188
1,4,4.415909387326885,1.2400000000000002,0.92,1.0,1.0,1.0,1.0,0.6144393241167435,0.6144393241167435,0.6144393241167435,0.6144393241167435,0.6144393241167435,4.418189934087301,-0.006297338020758275,0.006297338020758275,12.907658000349313,15.868713828310666,26.3354165836515,0.10772999999999919,701.5964395627755
1,3,4.411918453423149,1.1600000000000001,1.0,1.08,1.0,1.0,1.0,0.6144393241167435,0.6144393241167435,0.6144393241167435,0.6144393241167435,0.6144393241167435,4.414256483649103,-0.007011511297708125,0.007011511297708125,12.954425051830476,16.23133505273128,26.90788075390899,0.10988999999999925,629.5727548912322
1,3,4.402040206018959,1.1600000000000001,1.0,1.0,1.0,1.0,1.08,0.6144393241167435,0.6144393241167435,0.6144393241167435,0.6144393241167435,0.6144393241167435,4.404357226752587,-0.0059610366813951715,0.0059610366813951715,12.80399040036854,15.813928346106799,26.222927432046028,0.10988999999999918,738.8575951057146
1,3,4.3839811712340415,1.1600000000000001,1.0,1.0,1.0,1.08,1.0,0.6144393241167435,0.6144393241167435,0.6144393241167435,0.6144393241167435,0.6144393241167435,4.386308947396205,-0.006498808108167964,0.006498808108167964,12.759674314862888,15.770659601097433,26.123539360616515,0.1098899999999992,674.9405236143708
2,4,4.379746517338604,1.1970929748201542,1.2202782177955611,0.7364957676317803,1.2191896682823464,0.8370988712062912,0.9839958693835454,0.7810810375281767,0.6136796545476645,0.6698374750692238,0.46102364529722734,0.7514052434699225,4.382102817695566,-0.006103490298405745,0.006103490298405745,12.716816675741251,15.50322975477452,25.090947701396132,0.11171152754968555,717.9667048606906
1,3,4.379150183233427,1.1600000000000001,1.0,1.0,1.0,1.0,1.0,0.5744393241167435,0.6144393241167435,0.6144393241167435,0.6144393241167435,0.6144393241167435,4.381429311242035,-0.006874400430422156,0.006874400430422156,12.995181677985808,16.194724860842975,26.828581664694536,0.10708199999999925,637.3543926612624
1,3,4.3726051014248855,1.1600000000000001,1.0,1.0,1.08,1.0,1.0,0.6144393241167435,0.6144393241167435,0.6144393241167435,0.6144393241167435,0.6144393241167435,4.374941727889948,-0.006941323253122846,0.006941323253122846,12.781843859034502,15.908489773856523,26.34577525191207,0.10988999999999924,630.2748868411649
1,3,4.365470329368294,1.1600000000000001,1.0,1.0,1.0,1.0,1.0,0.6144393241167435,0.6144393241167435,0.6144393241167435,0.6544393241167435,0.6144393241167435,4.3677333833443885,-0.006070698804743643,0.006070698804743643,12.793634190629396,15.789605984144648,26.213330324662643,0.10708199999999922,719.4778597698576
2,4,4.360789996717388,1.1970929748201542,1.2202782177955611,0.7364957676317803,1.2191896682823464,0.9170988712062912,0.9039958693835455,0.7810810375281767,0.6136796545476645,0.6698374750692238,0.46102364529722734,0.7514052434699225,4.363153370786959,-0.006637797823908386,0.006637797823908386,12.674753093156804,15.466737679871578,25.058258332091523,0.11153090565460698,657.3194132354428
1,3,4.360424438703306,1.1600000000000001,1.0,1.0,1.0,1.0,1.0,0.6144393241167435,0.5744393241167435,0.6144393241167435,0.6144393241167435,0.6144393241167435,4.362707669748141,-0.007079552241780334,0.007079552241780334,12.968657099342689,16.2161759775307,26.854434909516552,0.10708199999999926,616.2406209818471
1,3,4.359483656609538,1.1600000000000001,1.0,1.0,1.0,1.0,1.0,0.6144393241167435,0.6144393241167435,0.6544393241167435,0.6144393241167435,0.6144393241167435,4.361743977070706,-0.005934023058395155,0.005934023058395155,12.728402495950478,15.646036671637479,25.974718024969846,0.10708199999999919,735.0399440898585
1,3,4.355852714560709,1.1600000000000001,1.0,1.0,1.0,1.0,1.0,0.6144393241167435,0.6144393241167435,0.6144393241167435,0.6144393241167435,0.6544393241167435,4.358121399611347,-0.006352252531939485,0.006352252531939485,12.805931831267772,15.85388753644179,26.29927508823821,0.10708199999999922,686.0749596617053
2,4,4.353972907645284,1.1970929748201542,1.2202782177955611,0.8164957676317802,1.2191896682823464,0.8370988712062912,0.9039958693835455,0.7810810375281767,0.6136796545476645,0.6698374750692238,0.46102364529722734,0.7514052434699225,4.356342137709228,-0.007202225922232515,0.007202225922232515,12.83492625564901,15.867102888108805,25.54426422380402,0.11125927727495585,604.860522947726
1,2,4.349790788522002,1.1600000000000001,1.0,1.0,1.0,1.0,1.0,0.6144393241167435,0.6144393241167435,0.6144393241167435,0.6144393241167435,0.6144393241167435,4.352063133890467,-0.006535268423247544,0.006535268423247544,12.801934135799202,15.86093780420188,26.29579082127683,0.10708199999999922,665.9348709242174
1,4,4.349790788522002,1.1600000000000001,1.0,1.0,1.0,1.0,1.0,0.6144393241167435,0.6144393241167435,0.6144393241167435,0.6144393241167435,0.6144393241167435,4.352063133890467,-0.006535268423247544,0.006535268423247544,12.801934135799202,15.86093780420188,26.29579082127683,0.10708199999999922,665.9348709242174
1,3,4.3411837354113345,1.1600000000000001,1.0,1.0,1.0,1.0,1.0,0.6144393241167435,0.6144393241167435,0.6144393241167435,0.6144393241167435,0.5744393241167435,4.34345974706885,-0.006718582875785841,0.006718582875785841,12.798293467081344,15.868378860190692,26.29208788750167,0.10708199999999922,646.4845083213795
2,4,4.337513564346825,1.1970929748201542,1.2202782177955611,0.7364957676317803,1.2191896682823464,0.8370988712062912,0.9039958693835455,0.7410810375281767,0.6136796545476645,0.6698374750692238,0.46102364529722734,0.7514052434699225,4.339838129478919,-0.007065517902345163,0.007065517902345163,12.91449765684461,15.893452617828487,25.547395723684197,0.10916273870235002,614.2278866830773
1,3,4.334737564976938,1.1600000000000001,1.0,1.0,1.0,1.0,1.0,0.6144393241167435,0.6144393241167435,0.5744393241167435,0.6144393241167435,0.6144393241167435,4.337021949615319,-0.00713723191909628,0.00713723191909628,12.873575214917519,16.078246416576977,26.619306266692135,0.10708199999999926,607.6616255121601
1,3,4.333719394741786,1.1600000000000001,1.0,1.0,1.0,1.0,1.0,0.6144393241167435,0.6544393241167435,0.6144393241167435,0.6144393241167435,0.6144393241167435,4.335981024723858,-0.0059994991036211335,0.0059994991036211335,12.62788678609591,15.503417263160156,25.730011411716408,0.1070819999999992,722.7238390796289
2,4,4.333680504360626,1.1970929748201542,1.25,0.7364957676317803,1.2191896682823464,0.8370988712062912,0.9039958693835455,0.7810810375281767,0.6136796545476645,0.6698374750692238,0.46102364529722734,0.7514052434699225,4.336026798894362,-0.006913007408387898,0.006913007408387898,12.828582459402805,15.758591327566428,25.197524778277447,0.11040171927840603,627.2272750110528
1,3,4.329420799533376,1.1600000000000001,1.0,1.0,1.0,1.0,1.0,0.6144393241167435,0.6144393241167435,0.6144393241167435,0.5744393241167435,0.6144393241167435,4.331702343398711,-0.006995193266773072,0.006995193266773072,12.811158560204788,15.934544991678944,26.38135625806547,0.10708199999999925,619.23983772888
1,3,4.319195091160766,1.1600000000000001,1.0,1.0,0.92,1.0,1.0,0.6144393241167435,0.6144393241167435,0.6144393241167435,0.6144393241167435,0.6144393241167435,4.321407386421699,-0.006124763046650969,0.006124763046650969,12.821616286417749,15.81188725631859,26.244940171718184,0.10448999999999922,705.5631954259279
2,4,4.318905281945431,1.1970929748201542,1.2202782177955611,0.7364957676317803,1.25,0.8370988712062912,0.9039958693835455,0.7810810375281767,0.6136796545476645,0.6698374750692238,0.46102364529722734,0.7514052434699225,4.3212501411185675,-0.006796428126716478,0.006796428126716478,12.69453646260008,15.541529684367012,25.135031271526234,0.11044653053006673,635.8119383521341
2,4,4.317912130627045,1.1970929748201542,1.2202782177955611,0.7364957676317803,1.2191896682823464,0.8370988712062912,0.9039958693835455,0.7810810375281767,0.6136796545476645,0.7098374750692238,0.46102364529722734,0.7514052434699225,4.320216285170425,-0.006044988466685254,0.006044988466685254,12.631522082433687,15.313985851850921,24.86725974185747,0.10916273870234999,714.6773412355903
2,4,4.316901781123372,1.1970929748201542,1.2202782177955611,0.7364957676317803,1.2191896682823464,0.8370988712062912,0.9039958693835455,0.7810810375281767,0.6136796545476645,0.6698374750692238,0.5010236452972273,0.7514052434699225,4.319210684951806,-0.006282452719392268,0.006282452719392268,12.702437962948549,15.481462622731026,25.05592208590322,0.10916273870235002,687.503890259221
1,3,4.316080252263839,1.1600000000000001,1.0,1.0,1.0,1.0,1.0,0.6544393241167435,0.6144393241167435,0.6144393241167435,0.6144393241167435,0.6144393241167435,4.318345917254728,-0.0062012495445076185,0.0062012495445076185,12.600142028885715,15.52065507145251,25.750638475820036,0.10708199999999922,696.3670605836918
2,3,4.307178541672385,1.1970929748201542,1.2202782177955611,0.7364957676317803,1.2191896682823464,0.8370988712062912,0.9039958693835455,0.7810810375281767,0.6136796545476645,0.6698374750692238,0.46102364529722734,0.7514052434699225,4.309495152013717,-0.006667778364269225,0.006667778364269225,12.707311079810319,15.538564027977117,25.10935134381772,0.10916273870235002,646.3164965271051
2,4,4.307021532221292,1.1970929748201542,1.2202782177955611,0.7364957676317803,1.2191896682823464,0.8370988712062912,0.9039958693835455,0.7810810375281767,0.6136796545476645,0.6698374750692238,0.46102364529722734,0.7114052434699225,4.309341132152537,-0.006817257859898745,0.006817257859898745,12.703991747677373,15.545211766996673,25.110079417503652,0.10916273870235002,632.1223607370695
2,4,4.304601861449537,1.1970929748201542,1.2202782177955611,0.7364957676317803,1.2191896682823464,0.8370988712062912,0.9039958693835455,0.7810810375281767,0.6136796545476645,0.6698374750692238,0.46102364529722734,0.7914052434699226,4.306915544953603,-0.006521436500963546,0.006521436500963546,12.710829556783308,15.532045281985312,25.107472210008165,0.10916273870235003,660.4243626871555
2,4,4.30368953650033,1.1970929748201542,1.2202782177955611,0.7364957676317803,1.2191896682823464,0.8370988712062912,0.9039958693835455,0.7810810375281767,0.6136796545476645,0.6698374750692238,0.45,0.7514052434699225,4.306008286517073,-0.006774762134810317,0.006774762134810317,12.70876091271942,15.554553525164195,25.124068652263865,0.10916273870235002,635.5954941047734
2,4,4.303416660773069,1.1970929748201542,1.2202782177955611,0.7364957676317803,1.2191896682823464,0.8370988712062912,0.9039958693835455,0.7810810375281767,0.6536796545476645,0.6698374750692238,0.46102364529722734,0.7514052434699225,4.305720708227232,-0.006039634005843368,0.006039634005843368,12.55567091141603,15.201893323188902,24.75012633142613,0.10916273870234999,712.9108658010456
1,3,4.303212249924212,1.1600000000000001,1.0,1.0,1.0,0.92,1.0,0.6144393241167435,0.6144393241167435,0.6144393241167435,0.6144393241167435,0.6144393241167435,4.305433050550573,-0.006550031318057791,0.006550031318057791,12.843216316008805,15.945465424449722,26.450347546896836,0.10448999999999926,657.3148801107131
2,4,4.301631021990657,1.1970929748201542,1.2202782177955611,0.7364957676317803,1.2191896682823464,0.8370988712062912,0.9039958693835455,0.7810810375281767,0.5736796545476645,0.6698374750692238,0.46102364529722734,0.7514052434699225,4.303960579165861,-0.00731512005785089,0.00731512005785089,12.844669579622428,15.869699014594913,25.456981107899445,0.10916273870235005,588.364995396989
2,4,4.288841531078842,1.1970929748201542,1.2202782177955611,0.7364957676317803,1.2191896682823464,0.8370988712062912,0.9039958693835455,0.7810810375281767,0.6136796545476645,0.6298374750692237,0.46102364529722734,0.7514052434699225,4.291170806712856,-0.007301042998355001,0.007301042998355001,12.777614215529379,15.763832931419525,25.34816865717048,0.10916273870235005,587.7476420395963
1,3,4.286331545717495,1.1600000000000001,1.0,1.0,1.0,1.0,0.92,0.6144393241167435,0.6144393241167435,0.6144393241167435,0.6144393241167435,0.6144393241167435,4.2885626702491555,-0.007066226583028879,0.007066226583028879,12.795640061081023,15.903714085886003,26.35484620602634,0.10448999999999926,606.9098718896302
1,3,4.284219821549153,1.1600000000000001,1.0,0.92,1.0,1.0,1.0,0.6144393241167435,0.6144393241167435,0.6144393241167435,0.6144393241167435,0.6144393241167435,4.286430921917167,-0.006065018400661529,0.006065018400661529,12.64331098509509,15.494046025926622,25.690649261091814,0.10448999999999921,706.7465650969226
1,2,4.283560669562693,1.08,1.08,1.0,1.0,1.0,1.0,0.6144393241167435,0.6144393241167435,0.6144393241167435,0.6144393241167435,0.6144393241167435,4.285833332481957,-0.006767145963198686,0.006767145963198686,12.706695420183529,15.868496526124792,26.26738295874137,0.10686599999999925,633.329524113905
2,4,4.271478661747621,1.1970929748201542,1.2202782177955611,0.7364957676317803,1.2191896682823464,0.8370988712062912,0.9039958693835455,0.8210810375281767,0.6136796545476645,0.6698374750692238,0.46102364529722734,0.7514052434699225,4.273787380124678,-0.006273180150491839,0.006273180150491839,12.48850664277561,15.176002715903845,24.657355727154695,0.10916273870235002,681.279235985212
2,4,4.2705799229640204,1.1970929748201542,1.2202782177955611,0.7364957676317803,1.1391896682823464,0.8370988712062912,0.9039958693835455,0.7810810375281767,0.6136796545476645,0.6698374750692238,0.46102364529722734,0.7514052434699225,4.27282603679563,-0.006326764982498844,0.006326764982498844,12.74003498766142,15.529173970395096,25.043603339578816,0.1059789265979877,675.3571609843516
2,4,4.254754903405949,1.1970929748201542,1.2202782177955611,0.6564957676317803,1.2191896682823464,0.8370988712062912,0.9039958693835455,0.7810810375281767,0.6136796545476645,0.6698374750692238,0.46102364529722734,0.7514052434699225,4.257023468746231,-0.006146066884372885,0.006146066884372885,12.572135200975486,15.212108198682436,24.67668210487975,0.10728220012974421,692.6419039744305
2,4,4.240913111303187,1.1970929748201542,1.2202782177955611,0.7364957676317803,1.2191896682823464,0.7570988712062913,0.9039958693835455,0.7810810375281767,0.6136796545476645,0.6698374750692238,0.46102364529722734,0.7514052434699225,4.243186911174913,-0.006679421836197662,0.006679421836197662,12.737774961388968,15.604079015190804,25.146318259932897,0.10701057175009308,635.2626043439706
2,4,4.224679733049244,1.1970929748201542,1.2202782177955611,0.7364957676317803,1.2191896682823464,0.8370988712062912,0.8239958693835455,0.7810810375281767,0.6136796545476645,0.6698374750692238,0.46102364529722734,0.7514052434699225,4.226960195152208,-0.007193155293243535,0.007193155293243535,12.693728550224773,15.570863910409294,25.118806503259165,0.1068299498550145,587.6364436511684
1,3,4.204780404322181,1.1600000000000001,0.92,1.0,1.0,1.0,1.0,0.6144393241167435,0.6144393241167435,0.6144393241167435,0.6144393241167435,0.6144393241167435,4.206994562263386,-0.006217897060252654,0.006217897060252654,12.37981553587294,15.194367777256895,25.19427518650599,0.10448999999999924,676.5944372344501
1,2,4.202852589186107,1.08,1.0,1.08,1.0,1.0,1.0,0.6144393241167435,0.6144393241167435,0.6144393241167435,0.6144393241167435,0.6144393241167435,4.205128222161991,-0.006915648794217759,0.006915648794217759,12.450550567600112,15.579280052708917,25.796937037457393,0.10686599999999928,608.0598288446834
2,4,4.19937728875238,1.1970929748201542,1.140278217795561,0.7364957676317803,1.2191896682823464,0.8370988712062912,0.9039958693835455,0.7810810375281767,0.6136796545476645,0.6698374750692238,0.46102364529722734,0.7514052434699225,4.201619535701437,-0.0061363599385490485,0.0061363599385490485,12.32196740006017,14.908639774162667,24.68221989802079,0.10597598751430201,684.7087813911575
2,3,4.196591533357936,1.1170929748201541,1.2202782177955611,0.7364957676317803,1.2191896682823464,0.8370988712062912,0.9839958693835454,0.7810810375281767,0.6136796545476645,0.6698374750692238,0.46102364529722734,0.7514052434699225,4.198882605793123,-0.005966245241628712,0.005966245241628712,12.243094557307368,14.908509495876876,24.388784212207213,0.10858737651767117,703.773049169343
1,2,4.193232352439138,1.08,1.0,1.0,1.0,1.0,1.08,0.6144393241167435,0.6144393241167435,0.6144393241167435,0.6144393241167435,0.6144393241167435,4.1954880473244565,-0.005918744265905047,0.005918744265905047,12.289891531256213,15.155839265558145,25.10770968005044,0.10686599999999921,708.8476641054732
2,3,4.175377334130181,1.1170929748201541,1.2202782177955611,0.8164957676317802,1.2191896682823464,0.8370988712062912,0.9039958693835455,0.7810810375281767,0.6136796545476645,0.6698374750692238,0.46102364529722734,0.7514052434699225,4.177679947714565,-0.006995552976219642,0.006995552976219642,12.37967235948284,15.28674565362005,24.860327696712297,0.10813512624294148,597.1908099210993
2,3,4.17477084073717,1.1170929748201541,1.2202782177955611,0.7364957676317803,1.2191896682823464,0.9170988712062912,0.9039958693835455,0.7810810375281767,0.6136796545476645,0.6698374750692238,0.46102364529722734,0.7514052434699225,4.177068689289277,-0.006485672982764186,0.006485672982764186,12.199880443521742,14.874741670265069,24.359103177235177,0.1084067546225926,644.0455293367284
1,2,4.174599877853912,1.08,1.0,1.0,1.0,1.08,1.0,0.6144393241167435,0.6144393241167435,0.6144393241167435,0.6144393241167435,0.6144393241167435,4.176865834757964,-0.006431845202612976,0.006431845202612976,12.247138373920947,15.11772532601847,25.01661223154204,0.10686599999999921,649.4039740043942
1,2,4.1682089031743255,1.08,1.0,1.0,1.0,1.0,1.0,0.5744393241167435,0.6144393241167435,0.6144393241167435,0.6144393241167435,0.6144393241167435,4.170425383567093,-0.0067660196383492344,0.0067660196383492344,12.476371773152517,15.518305894750382,25.681666358769636,0.10405799999999926,616.3779602307787
1,2,4.163087486206078,1.08,1.0,1.0,1.08,1.0,1.0,0.6144393241167435,0.6144393241167435,0.6144393241167435,0.6144393241167435,0.6144393241167435,4.165361810762936,-0.006850227842870822,0.006850227842870822,12.27422857630091,15.260016880776726,25.244775341615412,0.10686599999999928,608.0617909808527
2,3,4.1582080749351755,1.1170929748201541,1.25,0.7364957676317803,1.2191896682823464,0.8370988712062912,0.9039958693835455,0.7810810375281767,0.6136796545476645,0.6698374750692238,0.46102364529722734,0.7514052434699225,4.160487715989148,-0.006704484452220868,0.006704484452220868,12.37348673663006,15.174204697039453,24.518586808804187,0.10727756824639166,620.5529665462915
2,3,4.157485137861471,1.1170929748201541,1.2202782177955611,0.7364957676317803,1.2191896682823464,0.8370988712062912,0.9039958693835455,0.7410810375281767,0.6136796545476645,0.6698374750692238,0.46102364529722734,0.7514052434699225,4.159742768436856,-0.006842941098897313,0.006842941098897313,12.444417955524491,15.287316574088063,24.838807832504585,0.10603858767033567,607.8881446323082
1,2,4.156446755179202,1.08,1.0,1.0,1.0,1.0,1.0,0.6144393241167435,0.6144393241167435,0.6144393241167435,0.6544393241167435,0.6144393241167435,4.158647991842858,-0.006003833182799781,0.006003833182799781,12.277927287216244,15.12831022281105,25.090316115806214,0.10405799999999925,692.6654797399862
1,2,4.15044436347559,1.08,1.0,1.0,1.0,1.0,1.0,0.6144393241167435,0.6144393241167435,0.6544393241167435,0.6144393241167435,0.6144393241167435,4.152643055715985,-0.005876612019717527,0.005876612019717527,12.211352240054937,14.98686220546091,24.855687088764043,0.10405799999999923,706.6389684707468
1,2,4.150206300215633,1.08,1.0,1.0,1.0,1.0,1.0,0.6144393241167435,0.5744393241167435,0.6144393241167435,0.6144393241167435,0.6144393241167435,4.152426834483784,-0.006968713407526252,0.006968713407526252,12.456460494265464,15.549206086387327,25.721331206644177,0.10405799999999929,595.8670692353538
1,2,4.146516948942835,1.08,1.0,1.0,1.0,1.0,1.0,0.6144393241167435,0.6144393241167435,0.6144393241167435,0.6144393241167435,0.6544393241167435,4.148723550787519,-0.006272092234185266,0.006272092234185266,12.29185039360168,15.193637048053239,25.177860555216043,0.10405799999999926,661.4576756660899
1,1,4.1401606132806785,1.08,1.0,1.0,1.0,1.0,1.0,0.6144393241167435,0.6144393241167435,0.6144393241167435,0.6144393241167435,0.6144393241167435,4.142370777806942,-0.006450226313162262,0.006450226313162262,12.288360467364418,15.201658550135475,25.176274440892243,0.10405799999999925,642.2054943024349
1,3,4.1401606132806785,1.08,1.0,1.0,1.0,1.0,1.0,0.6144393241167435,0.6144393241167435,0.6144393241167435,0.6144393241167435,0.6144393241167435,4.142370777806942,-0.006450226313162262,0.006450226313162262,12.288360467364418,15.201658550135475,25.176274440892243,0.10405799999999925,642.2054943024349
2,3,4.135271101212763,1.1170929748201541,1.2202782177955611,0.7364957676317803,1.25,0.8370988712062912,0.9039958693835455,0.7810810375281767,0.6136796545476645,0.6698374750692238,0.46102364529722734,0.7514052434699225,4.137549956188575,-0.006620369292568398,0.006620369292568398,12.223867857382379,14.950574614800166,24.435460066664945,0.10732237949805236,624.9726825410062
2,3,4.13470722885371,1.1170929748201541,1.2202782177955611,0.7364957676317803,1.2191896682823464,0.8370988712062912,0.9039958693835455,0.7810810375281767,0.6136796545476645,0.6698374750692238,0.5010236452972273,0.7514052434699225,4.136950463184246,-0.006123128856470316,0.006123128856470316,12.228448330818782,14.885101707544408,24.34960979533928,0.10603858767033567,675.626882947715
2,3,4.132515970107788,1.1170929748201541,1.2202782177955611,0.7364957676317803,1.2191896682823464,0.8370988712062912,0.9039958693835455,0.7810810375281767,0.6136796545476645,0.7098374750692238,0.46102364529722734,0.7514052434699225,4.134755001978598,-0.005913005870161896,0.005913005870161896,12.15076961492616,14.715063122920618,24.156910895502566,0.10603858767033562,699.2644845565475
1,2,4.131321587283647,1.08,1.0,1.0,1.0,1.0,1.0,0.6144393241167435,0.6144393241167435,0.6144393241167435,0.6144393241167435,0.5744393241167435,4.133535370468529,-0.0066311592440787305,0.0066311592440787305,12.285145745306608,15.210080534488196,25.174515473627615,0.10405799999999926,623.3503401625521
1,2,4.124883169953227,1.08,1.0,1.0,1.0,1.0,1.0,0.6144393241167435,0.6544393241167435,0.6144393241167435,0.6144393241167435,0.6144393241167435,4.127083177895356,-0.0059423971064125,0.0059423971064125,12.113045782231799,14.851615302509414,24.6235007190394,0.10405799999999925,694.514874046667
2,2,4.124738943139036,1.1170929748201541,1.2202782177955611,0.7364957676317803,1.2191896682823464,0.8370988712062912,0.9039958693835455,0.7810810375281767,0.6136796545476645,0.6698374750692238,0.46102364529722734,0.7514052434699225,4.126989512391804,-0.006489874968038293,0.006489874968038293,12.236181669563209,14.944724114725574,24.406227897763078,0.10603858767033567,635.9120218365742
2,4,4.124738943139036,1.1170929748201541,1.2202782177955611,0.7364957676317803,1.2191896682823464,0.8370988712062912,0.9039958693835455,0.7810810375281767,0.6136796545476645,0.6698374750692238,0.46102364529722734,0.7514052434699225,4.126989512391804,-0.006489874968038293,0.006489874968038293,12.236181669563209,14.944724114725574,24.406227897763078,0.10603858767033567,635.9120218365742
1,2,4.124699154308413,1.08,1.0,1.0,1.0,1.0,1.0,0.6144393241167435,0.6144393241167435,0.5744393241167435,0.6144393241167435,0.6144393241167435,4.126920885191938,-0.007028544176243031,0.007028544176243031,12.36329898745722,15.418618901660896,25.49859030162768,0.10405799999999928,587.1658172315709
2,3,4.12410802676366,1.1170929748201541,1.2202782177955611,0.7364957676317803,1.2191896682823464,0.8370988712062912,0.9039958693835455,0.7810810375281767,0.6136796545476645,0.6698374750692238,0.46102364529722734,0.7114052434699225,4.126361536678353,-0.006636908064270301,0.006636908064270301,12.233277046272175,14.9521896319671,24.40851313833411,0.10603858767033567,621.7295006529562
2,3,4.123600590902539,1.1170929748201541,1.2202782177955611,0.7364957676317803,1.2191896682823464,0.8370988712062912,0.9039958693835455,0.7810810375281767,0.5736796545476645,0.6698374750692238,0.46102364529722734,0.7514052434699225,4.125863019477627,-0.007082841084086908,0.007082841084086908,12.387023517483431,15.279036299587402,24.755860833371603,0.1060385876703357,582.5152605424462
2,3,4.122737217436253,1.1170929748201541,1.2202782177955611,0.7364957676317803,1.2191896682823464,0.8370988712062912,0.9039958693835455,0.7810810375281767,0.6136796545476645,0.6698374750692238,0.46102364529722734,0.7914052434699226,4.1249848853413695,-0.0063448075854958,0.0063448075854958,12.23931147805409,14.937444598459974,24.40285481398969,0.10603858767033567,650.1355367767283
2,3,4.121224961772633,1.1170929748201541,1.2202782177955611,0.7364957676317803,1.2191896682823464,0.8370988712062912,0.9039958693835455,0.7810810375281767,0.6136796545476645,0.6698374750692238,0.45,0.7514052434699225,4.123477545439393,-0.00659059566765859,0.00659059566765859,12.238426718015274,14.961418114820091,24.421837250254676,0.10603858767033567,625.6608284550281
1,2,4.119343133791036,1.08,1.0,1.0,1.0,1.0,1.0,0.6144393241167435,0.6144393241167435,0.6144393241167435,0.5744393241167435,0.6144393241167435,4.121562181489388,-0.006894384917609386,0.006894384917609386,12.299576725537337,15.277217142626608,25.265169015726524,0.10405799999999928,597.8143417786617
2,3,4.115223736645102,1.1170929748201541,1.2202782177955611,0.7364957676317803,1.2191896682823464,0.8370988712062912,0.9039958693835455,0.7810810375281767,0.6536796545476645,0.6698374750692238,0.46102364529722734,0.7514052434699225,4.11746294763894,-0.005921962021623131,0.005921962021623131,12.072701331009931,14.604921760437572,24.039171991580783,0.10603858767033562,695.2869560130003
1,2,4.109916930168865,1.08,1.0,1.0,0.92,1.0,1.0,0.6144393241167435,0.6144393241167435,0.6144393241167435,0.6144393241167435,0.6144393241167435,4.112067243512392,-0.0060496671763473845,0.0060496671763473845,12.301913153089481,15.142169115009438,25.107516273116204,0.10146599999999925,679.7179288787157
2,3,4.109248028791976,1.1170929748201541,1.2202782177955611,0.7364957676317803,1.2191896682823464,0.8370988712062912,0.9039958693835455,0.7810810375281767,0.6136796545476645,0.6298374750692237,0.46102364529722734,0.7514052434699225,4.111510379231547,-0.007078934308184557,0.007078934308184557,12.316884247001898,15.175081752268367,24.650029700445216,0.10603858767033568,580.8092292194152
1,2,4.108061648375853,1.08,1.0,1.0,1.0,1.0,1.0,0.6544393241167435,0.6144393241167435,0.6144393241167435,0.6144393241167435,0.6144393241167435,4.110265649144105,-0.006142038412575857,0.006142038412575857,12.092385045643018,14.878862025790959,24.659220354194883,0.10405799999999925,669.202205041296
1,2,4.093846852761386,1.08,1.0,1.0,1.0,0.92,1.0,0.6144393241167435,0.6144393241167435,0.6144393241167435,0.6144393241167435,0.6144393241167435,4.096005179118642,-0.006450317862768543,0.006450317862768543,12.328703057908903,15.280154091316678,25.3192925829481,0.10146599999999929,635.0082687801984
2,3,4.091152961581508,1.1170929748201541,1.2202782177955611,0.7364957676317803,1.1391896682823464,0.8370988712062912,0.9039958693835455,0.7810810375281767,0.6136796545476645,0.6698374750692238,0.46102364529722734,0.7514052434699225,4.093333004709589,-0.006147380838056733,0.006147380838056733,12.267592484839152,14.928063379452249,24.330542960124625,0.10285477556597335,665.866181475027
2,3,4.086274660517567,1.1170929748201541,1.2202782177955611,0.7364957676317803,1.2191896682823464,0.8370988712062912,0.9039958693835455,0.8210810375281767,0.6136796545476645,0.6698374750692238,0.46102364529722734,0.7514052434699225,4.088518266979303,-0.0061417354164555035,0.0061417354164555035,12.017416400948706,14.59478734122511,23.957416541887426,0.10603858767033567,665.6943013248289
1,2,4.076106868433057,1.08,1.0,1.0,1.0,1.0,0.92,0.6144393241167435,0.6144393241167435,0.6144393241167435,0.6144393241167435,0.6144393241167435,4.078275027899574,-0.006941973325835306,0.006941973325835306,12.282845292470922,15.243357701623765,25.23115418171373,0.10146599999999932,587.4806537676875
1,1,4.075642829460296,1.0,1.08,1.0,1.0,1.0,1.0,0.6144393241167435,0.6144393241167435,0.6144393241167435,0.6144393241167435,0.6144393241167435,4.07785761129069,-0.006681091519676556,0.006681091519676556,12.207748788827764,15.224339207923629,25.17522476532237,0.10405799999999928,610.3579930436437
1,2,4.074295421131066,1.08,1.0,0.92,1.0,1.0,1.0,0.6144393241167435,0.6144393241167435,0.6144393241167435,0.6144393241167435,0.6144393241167435,4.076444599910192,-0.0059929389562678355,0.0059929389562678355,12.120034401043945,14.827824981692718,24.561430969348155,0.10146599999999924,680.2079296413925
2,3,4.068387058091504,1.1170929748201541,1.2202782177955611,0.6564957676317803,1.2191896682823464,0.8370988712062912,0.9039958693835455,0.7810810375281767,0.6136796545476645,0.6698374750692238,0.46102364529722734,0.7514052434699225,4.070590183052208,-0.005998198937497136,0.005998198937497136,12.085512797400348,14.605018595300084,23.952391435592983,0.10415804909772984,678.6354079731041
2,3,4.061982985540879,1.1170929748201541,1.2202782177955611,0.7364957676317803,1.2191896682823464,0.7570988712062913,0.9039958693835455,0.7810810375281767,0.6136796545476645,0.6698374750692238,0.46102364529722734,0.7514052434699225,4.064190295413634,-0.00647907291968113,0.00647907291968113,12.270574827168025,15.008616079178493,24.43845192840458,0.10388642071807871,627.279604010639
2,3,4.0430969237749,1.1170929748201541,1.2202782177955611,0.7364957676317803,1.2191896682823464,0.8370988712062912,0.8239958693835455,0.7810810375281767,0.6136796545476645,0.6698374750692238,0.46102364529722734,0.7514052434699225,4.045310551464646,-0.006975585664296091,0.006975585664296091,12.225469290972988,14.977975902393457,24.413061689117775,0.10370579882300013,579.9241448886802
2,2,4.003358870795725,1.037092974820154,1.2202782177955611,0.7364957676317803,1.2191896682823464,0.8370988712062912,0.9839958693835454,0.7810810375281767,0.6136796545476645,0.6698374750692238,0.46102364529722734,0.7514052434699225,4.00559016167621,-0.005885318538608999,0.005885318538608999,11.767673684853822,14.324850251287392,23.659353314630753,0.1056792254856568,680.6071983017822
3,4,3.9964725076412857,1.2128859879315672,0.8478390298994554,1.1230572220570427,0.831916897574987,0.9220987336883909,0.8104250183482988,0.6112451945788517,0.5313820962704598,0.5549253361767398,0.7501458690520211,0.562163503194416,3.998533515383018,-0.007701212215211172,0.007701212215211172,13.054687526068722,16.43436444339654,26.826412029916362,0.09534917487141101,519.2083276818747
1,1,3.995604306451572,1.0,1.0,1.08,1.0,1.0,1.0,0.6144393241167435,0.6144393241167435,0.6144393241167435,0.6144393241167435,0.6144393241167435,3.9978219181338455,-0.006822584113684911,0.006822584113684911,11.957554402311686,14.949302489508456,24.718348471699528,0.1040579999999993,585.9688721337878
1,2,3.9954678673720085,1.08,0.92,1.0,1.0,1.0,1.0,0.6144393241167435,0.6144393241167435,0.6144393241167435,0.6144393241167435,0.6144393241167435,3.9976199438365567,-0.006137823227413378,0.006137823227413378,11.862341813326077,14.541941646213333,24.087044162234303,0.10146599999999928,651.3090709393479
2,3,3.994348857564054,1.1170929748201541,1.140278217795561,0.7364957676317803,1.2191896682823464,0.8370988712062912,0.9039958693835455,0.7810810375281767,0.6136796545476645,0.6698374750692238,0.46102364529722734,0.7514052434699225,3.9965273825793175,-0.00607441428088157,0.00607441428088157,11.8209454037726,14.297623827421681,23.657568307907507,0.10285183648228764,657.9280236380763
3,4,3.9903928250966754,1.2128859879315672,0.8478390298994554,1.1230572220570427,0.831916897574987,1.0020987336883909,0.7304250183482989,0.6112451945788517,0.5313820962704598,0.5549253361767398,0.7501458690520211,0.562163503194416,3.992472378744822,-0.008110988504496163,0.008110988504496163,13.005067361534495,16.39389923187862,26.859976712041494,0.09586669390282927,492.2300625295764
2,2,3.9883601116685115,1.037092974820154,1.2202782177955611,0.8164957676317802,1.2191896682823464,0.8370988712062912,0.9039958693835455,0.7810810375281767,0.6136796545476645,0.6698374750692238,0.46102364529722734,0.7514052434699225,3.990601361114579,-0.006835497092443688,0.006835497092443688,11.921141012705753,14.7167179331771,24.177516018597093,0.1052269752109271,583.8055824097995
1,1,3.986244849273253,1.0,1.0,1.0,1.0,1.0,1.08,0.6144393241167435,0.6144393241167435,0.6144393241167435,0.6144393241167435,0.6144393241167435,3.988443534301544,-0.005876251414558623,0.005876251414558623,11.786892164772073,14.520156229860724,24.026739808684006,0.10405799999999925,678.7394297698074
2,2,3.9781746999620013,1.037092974820154,1.2202782177955611,0.7364957676317803,1.2191896682823464,0.9170988712062912,0.9039958693835455,0.7810810375281767,0.6136796545476645,0.6698374750692238,0.46102364529722734,0.7514052434699225,3.980412513299492,-0.006392063283955849,0.006392063283955849,11.724192874522505,14.29459651575084,23.59254117856942,0.10549860359057821,622.7116873655448
2,2,3.976492627999964,1.037092974820154,1.25,0.7364957676317803,1.2191896682823464,0.8370988712062912,0.9039958693835455,0.7810810375281767,0.6136796545476645,0.6698374750692238,0.46102364529722734,0.7514052434699225,3.9787107103446413,-0.006534700019496426,0.006534700019496426,11.91378539267571,14.599517327168615,23.848609002261675,0.10436941721437729,608.8589680435318
2,2,3.9685623272652655,1.037092974820154,1.2202782177955611,0.7364957676317803,1.2191896682823464,0.8370988712062912,0.9039958693835455,0.7410810375281767,0.6136796545476645,0.6698374750692238,0.46102364529722734,0.7514052434699225,3.97075833716898,-0.006670058547405461,0.006670058547405461,11.96884686686117,14.689769112376604,24.128444165543545,0.10313043663832129,595.3108670558128
1,1,3.967064421654899,1.0,1.0,1.0,1.0,1.08,1.0,0.6144393241167435,0.6144393241167435,0.6144393241167435,0.6144393241167435,0.6144393241167435,3.969272882674898,-0.00636505099996009,0.00636505099996009,11.745818732072657,14.487287607492462,23.9440405567924,0.10405799999999925,623.6042543413691
1,1,3.959048949925199,1.0,1.0,1.0,1.0,1.0,1.0,0.5744393241167435,0.6144393241167435,0.6144393241167435,0.6144393241167435,0.6144393241167435,3.961207123966795,-0.0066587020797875315,0.0066587020797875315,11.967442398393644,14.863395674921657,24.567430779923917,0.10124999999999931,594.8917786832702
3,4,3.9573033252028234,1.2128859879315672,0.9278390298994553,1.1230572220570427,0.831916897574987,0.9220987336883909,0.7304250183482989,0.6112451945788517,0.5313820962704598,0.5549253361767398,0.7501458690520211,0.562163503194416,3.9593913325781447,-0.008734176063460154,0.008734176063460154,13.381804037574526,17.11244132714903,27.29808771575319,0.09566619270259917,453.32167611578717
1,1,3.955419892421372,1.0,1.0,1.0,1.08,1.0,1.0,0.6144393241167435,0.6144393241167435,0.6144393241167435,0.6144393241167435,0.6144393241167435,3.957636228103764,-0.006758784119597749,0.006758784119597749,11.777837677635892,14.633978398272497,24.177003990894377,0.1040579999999993,585.5544663171316
1,1,3.9492912153905904,1.0,1.0,1.0,1.0,1.0,1.0,0.6144393241167435,0.6144393241167435,0.6144393241167435,0.6544393241167435,0.6144393241167435,3.9514349394238253,-0.005936201661740711,0.005936201661740711,11.77339926710611,14.48943575746582,24.001986404597684,0.10124999999999929,665.6503880067174
1,1,3.9432915073497745,1.0,1.0,1.0,1.0,1.0,1.0,0.6144393241167435,0.6144393241167435,0.6544393241167435,0.6144393241167435,0.6144393241167435,3.9454328986527116,-0.005819565146851005,0.005819565146851005,11.705736540351463,14.350282618505622,23.77188406024717,0.10124999999999927,677.9600879264328
2,2,3.9424989104524286,1.037092974820154,1.2202782177955611,0.7364957676317803,1.2191896682823464,0.8370988712062912,0.9039958693835455,0.7810810375281767,0.6136796545476645,0.6698374750692238,0.5010236452972273,0.7514052434699225,3.9446818207625785,-0.006015078869177501,0.006015078869177501,11.752585314647122,14.299576422768347,23.61868020884633,0.10313043663832128,655.7988526095539
1,1,3.941797517288536,1.0,1.0,1.0,1.0,1.0,1.0,0.6144393241167435,0.5744393241167435,0.6144393241167435,0.6144393241167435,0.6144393241167435,3.9439596734656743,-0.006857808856929978,0.006857808856929978,11.954513569890416,14.903982200626633,24.620602758514558,0.10124999999999931,575.1049286654015
2,2,3.9413473337784612,1.037092974820154,1.2202782177955611,0.7364957676317803,1.25,0.8370988712062912,0.9039958693835455,0.7810810375281767,0.6136796545476645,0.6698374750692238,0.46102364529722734,0.7514052434699225,3.9435656041738247,-0.0064992913021419555,0.0064992913021419555,11.751412681645933,14.370698827146601,23.706368180722116,0.10441422846603797,606.7685568846797
3,4,3.939218956563191,1.2128859879315672,0.8478390298994554,1.1230572220570427,0.911916897574987,0.9220987336883909,0.7304250183482989,0.6112451945788517,0.5313820962704598,0.5549253361767398,0.7501458690520211,0.562163503194416,3.941302142560122,-0.008536096901215841,0.008536096901215841,13.027277361240516,16.55801602407632,27.023080422945057,0.09562320294532313,461.7218136310919
1,1,3.939032167456173,1.0,1.0,1.0,1.0,1.0,1.0,0.6144393241167435,0.6144393241167435,0.6144393241167435,0.6144393241167435,0.6544393241167435,3.9411810085777215,-0.0061920560774244675,0.0061920560774244675,11.78885628628607,14.555722503576781,24.090671185492454,0.1012499999999993,636.4898765931432
2,2,3.9384061609639467,1.037092974820154,1.2202782177955611,0.7364957676317803,1.2191896682823464,0.8370988712062912,0.9039958693835455,0.7810810375281767,0.5736796545476645,0.6698374750692238,0.46102364529722734,0.7514052434699225,3.9406066710206797,-0.006895066198323775,0.006895066198323775,11.924078613068207,14.69765697911381,24.058431859074567,0.1031304366383213,571.5110714932165
2,2,3.9365982684415464,1.037092974820154,1.2202782177955611,0.7364957676317803,1.2191896682823464,0.8370988712062912,0.9039958693835455,0.7810810375281767,0.6136796545476645,0.7098374750692238,0.46102364529722734,0.7514052434699225,3.938777607731373,-0.0058365278530204704,0.0058365278530204704,11.669749029448518,14.12814360827816,23.360744199454448,0.10313043663832125,674.8494493507832
3,4,3.934519471596115,1.25,0.8478390298994554,1.1230572220570427,0.831916897574987,0.9220987336883909,0.7304250183482989,0.6112451945788517,0.5313820962704598,0.5549253361767398,0.7501458690520211,0.562163503194416,3.936584042195899,-0.008416999750106924,0.008416999750106924,13.235362511413598,16.763005935511952,26.813200946353753,0.09481153023908326,467.6944468420462
1,0,3.9323778419084467,1.0,1.0,1.0,1.0,1.0,1.0,0.6144393241167435,0.6144393241167435,0.6144393241167435,0.6144393241167435,0.6144393241167435,3.9345301926050764,-0.006367534831467424,0.006367534831467424,11.785812492321748,14.564711947919182,24.090865298717908,0.10124999999999929,617.90477739693
1,2,3.9323778419084467,1.0,1.0,1.0,1.0,1.0,1.0,0.6144393241167435,0.6144393241167435,0.6144393241167435,0.6144393241167435,0.6144393241167435,3.9345301926050764,-0.006367534831467424,0.006367534831467424,11.785812492321748,14.564711947919182,24.090865298717908,0.10124999999999929,617.90477739693
2,1,3.932363866125054,1.037092974820154,1.2202782177955611,0.7364957676317803,1.2191896682823464,0.8370988712062912,0.9039958693835455,0.7810810375281767,0.6136796545476645,0.6698374750692238,0.46102364529722734,0.7514052434699225,3.9345537679160736,-0.0063646529126593805,0.0063646529126593805,11.762751290390975,14.361526351976678,23.683167708869043,0.10313043663832128,618.188269165502
2,3,3.932363866125054,1.037092974820154,1.2202782177955611,0.7364957676317803,1.2191896682823464,0.8370988712062912,0.9039958693835455,0.7810810375281767,0.6136796545476645,0.6698374750692238,0.46102364529722734,0.7514052434699225,3.9345537679160736,-0.0063646529126593805,0.0063646529126593805,11.762751290390975,14.361526351976678,23.683167708869043,0.10313043663832128,618.188269165502
2,2,3.931220889381546,1.037092974820154,1.2202782177955611,0.7364957676317803,1.2191896682823464,0.8370988712062912,0.9039958693835455,0.7810810375281767,0.6136796545476645,0.6698374750692238,0.46102364529722734,0.7114052434699225,3.9334136756196734,-0.0065088752680597965,0.0065088752680597965,11.760166894331014,14.369817821625096,23.686901645199413,0.10313043663832128,604.3154175839919
2,2,3.930970448241851,1.037092974820154,1.2202782177955611,0.7364957676317803,1.2191896682823464,0.8370988712062912,0.9039958693835455,0.7810810375281767,0.6136796545476645,0.6698374750692238,0.46102364529722734,0.7914052434699226,3.933157484485522,-0.0062213755452245325,0.0062213755452245325,11.765558041970056,14.353462578052364,23.67854293060925,0.1031304366383213,632.2006212122294
2,2,3.928855547233576,1.037092974820154,1.2202782177955611,0.7364957676317803,1.2191896682823464,0.8370988712062912,0.9039958693835455,0.7810810375281767,0.6136796545476645,0.6698374750692238,0.45,0.7514052434699225,3.931047369695995,-0.006460686482621668,0.006460686482621668,11.765656690829362,14.378871832184595,23.700976673876617,0.10313043663832128,608.4566060077294
1,1,3.923331061944028,1.0,1.0,1.0,1.0,1.0,1.0,0.6144393241167435,0.6144393241167435,0.6144393241167435,0.6144393241167435,0.5744393241167435,3.925486939098846,-0.006543857740896556,0.006543857740896556,11.783025947172272,14.57412840349926,24.090934992241205,0.10124999999999929,599.8735141453466
2,2,3.921279045895381,1.037092974820154,1.2202782177955611,0.7364957676317803,1.2191896682823464,0.8370988712062912,0.9039958693835455,0.7810810375281767,0.6136796545476645,0.6298374750692237,0.46102364529722734,0.7514052434699225,3.9234797334983575,-0.006903943510494741,0.006903943510494741,11.85201762643902,14.596163402444073,23.952176700443268,0.1031304366383213,568.2954571592661
3,4,3.9206491990685124,1.2128859879315672,0.8478390298994554,1.2030572220570428,0.831916897574987,0.9220987336883909,0.7304250183482989,0.6112451945788517,0.5313820962704598,0.5549253361767398,0.7501458690520211,0.562163503194416,3.9227502677773165,-0.008644153618779911,0.008644153618779911,13.164118442411269,16.836245363515953,27.125972557681852,0.0964092818214247,453.8038587438937
1,1,3.9180173120007735,1.0,1.0,1.0,1.0,1.0,1.0,0.6144393241167435,0.6544393241167435,0.6144393241167435,0.6144393241167435,0.6144393241167435,3.9201600126033087,-0.00588503012675119,0.00588503012675119,11.610089036615584,14.222726258500153,23.55258650747257,0.10124999999999927,666.1240347409096
2,2,3.9168920262243057,1.037092974820154,1.2202782177955611,0.7364957676317803,1.2191896682823464,0.8370988712062912,0.9039958693835455,0.7810810375281767,0.6536796545476645,0.6698374750692238,0.46102364529722734,0.7514052434699225,3.9190718881356115,-0.005862658926972244,0.005862658926972244,11.591400044037083,14.021532151339915,23.182943199995737,0.10313043663832125,668.4802812091282
1,1,3.9165593328601256,1.0,1.0,1.0,1.0,1.0,1.0,0.6144393241167435,0.6144393241167435,0.5744393241167435,0.6144393241167435,0.6144393241167435,3.918722729496297,-0.006919831808568119,0.006919831808568119,11.86372905698045,14.781056458617325,24.410596212473017,0.10124999999999931,566.303175843688
1,1,3.91114416925008,1.0,1.0,1.0,1.0,1.0,1.0,0.6144393241167435,0.6144393241167435,0.6144393241167435,0.5744393241167435,0.6144393241167435,3.913305092196201,-0.006796147306064654,0.006796147306064654,11.79889742300835,14.642146520012496,24.182496376301724,0.10124999999999931,575.8122824536335
3,4,3.9101669267019155,1.2128859879315672,0.8478390298994554,1.1230572220570427,0.831916897574987,0.9220987336883909,0.7304250183482989,0.6112451945788517,0.5313820962704598,0.5949253361767398,0.7501458690520211,0.562163503194416,3.9121841440347427,-0.007591839319488372,0.007591839319488372,12.99092097665761,16.27845931213018,26.670385162286397,0.09326902732187062,515.3144026628836
3,4,3.907227442065622,1.2128859879315672,0.8478390298994554,1.1230572220570427,0.831916897574987,0.9220987336883909,0.7304250183482989,0.6112451945788517,0.5713820962704599,0.5549253361767398,0.7501458690520211,0.562163503194416,3.9092446097664353,-0.007589357718781685,0.007589357718781685,12.890086812971736,16.132125224237647,26.66531190017283,0.09326902732187065,515.0955791808406
2,2,3.9030462430331125,1.037092974820154,1.2202782177955611,0.7364957676317803,1.1391896682823464,0.8370988712062912,0.9039958693835455,0.7810810375281767,0.6136796545476645,0.6698374750692238,0.46102364529722734,0.7514052434699225,3.9051654584758633,-0.006014147603565334,0.006014147603565334,11.791744463426932,14.336691817726285,23.615554047535014,0.09994662453395896,649.3298329028016
1,1,3.902528373667687,1.0,1.0,1.0,0.92,1.0,1.0,0.6144393241167435,0.6144393241167435,0.6144393241167435,0.6144393241167435,0.6144393241167435,3.9046210483184276,-0.005975732537036152,0.005975732537036152,11.79306959627935,14.494697176192883,24.004807098102507,0.09865799999999929,653.412953829263
1,1,3.9020443051999267,1.0,1.0,1.0,1.0,1.0,1.0,0.6544393241167435,0.6144393241167435,0.6144393241167435,0.6144393241167435,0.6144393241167435,3.904190974737623,-0.00608347688480228,0.00608347688480228,11.596900943543973,14.260243336623137,23.603539732643316,0.1012499999999993,641.7696736040962
3,4,3.891415982851875,1.2128859879315672,0.8478390298994554,1.1230572220570427,0.831916897574987,0.9220987336883909,0.7304250183482989,0.6512451945788518,0.5313820962704598,0.5549253361767398,0.7501458690520211,0.562163503194416,3.893435350433666,-0.007699351767682174,0.007699351767682174,12.858878790379343,16.134500841151866,26.72921728513225,0.09326902732187065,505.6835260828396
2,2,3.891097958927415,1.037092974820154,1.2202782177955611,0.7364957676317803,1.2191896682823464,0.8370988712062912,0.9039958693835455,0.8210810375281767,0.6136796545476645,0.6698374750692238,0.46102364529722734,0.7514052434699225,3.893281925766292,-0.0060679053055312125,0.0060679053055312125,11.547625978682024,14.026900804461228,23.177919364392473,0.10313043663832128,641.618767883105
3,4,3.890044839010131,1.2128859879315672,0.8478390298994554,1.1230572220570427,0.831916897574987,0.9220987336883909,0.7304250183482989,0.6112451945788517,0.5313820962704598,0.5549253361767398,0.7901458690520211,0.562163503194416,3.89206470747951,-0.00772439614707946,0.00772439614707946,13.035242772908136,16.389363371060192,26.71187711650842,0.09326902732187063,503.86653317244384
3,4,3.8885806565348098,1.2128859879315672,0.8478390298994554,1.1230572220570427,0.831916897574987,0.9220987336883909,0.7304250183482989,0.6112451945788517,0.5313820962704598,0.5549253361767398,0.7501458690520211,0.522163503194416,3.8906117791818944,-0.00828710503236266,0.00828710503236266,13.026478164354245,16.472307093629297,26.782664467534023,0.09326902732187065,469.477792786304
1,1,3.8864065231522806,1.0,1.0,1.0,1.0,0.92,1.0,0.6144393241167435,0.6144393241167435,0.6144393241167435,0.6144393241167435,0.6144393241167435,3.8885067700328944,-0.006354344030679499,0.006354344030679499,11.825102608858746,14.637011857630009,24.22208080155209,0.09865799999999933,611.944639959489
3,3,3.8840142736193526,1.2128859879315672,0.8478390298994554,1.1230572220570427,0.831916897574987,0.9220987336883909,0.7304250183482989,0.6112451945788517,0.5313820962704598,0.5549253361767398,0.7501458690520211,0.562163503194416,3.886042313818046,-0.008132982612794194,0.008132982612794194,13.032298763171,16.460913220263965,26.770607497385285,0.09326902732187065,477.8126917060929
3,4,3.8769731243046333,1.2128859879315672,0.8478390298994554,1.1230572220570427,0.831916897574987,0.9220987336883909,0.7304250183482989,0.6112451945788517,0.5313820962704598,0.5549253361767398,0.7501458690520211,0.602163503194416,3.878998166044537,-0.007983059673302704,0.007983059673302704,13.038038947315759,16.44967333239274,26.75717839558131,0.09326902732187065,485.9036916655968
2,2,3.874403820461366,1.037092974820154,1.2202782177955611,0.7364957676317803,1.2191896682823464,0.7570988712062913,0.9039958693835455,0.7810810375281767,0.6136796545476645,0.6698374750692238,0.46102364529722734,0.7514052434699225,3.876549891684109,-0.006325291451088446,0.006325291451088446,11.799992479211756,14.423020921032908,23.729212187390605,0.10097826968606433,612.8650231630098
3,4,3.8722888252654055,1.2128859879315672,0.8478390298994554,1.1230572220570427,0.831916897574987,0.9220987336883909,0.7304250183482989,0.6112451945788517,0.5313820962704598,0.5549253361767398,0.710145869052021,0.562163503194416,3.8743250670411453,-0.008543061465113851,0.008543061465113851,13.02956404169722,16.533934192590568,26.826852046016963,0.09326902732187065,453.505465559648
2,2,3.8714182764624225,1.037092974820154,1.2202782177955611,0.6564957676317803,1.2191896682823464,0.8370988712062912,0.9039958693835455,0.7810810375281767,0.6136796545476645,0.6698374750692238,0.46102364529722734,0.7514052434699225,3.873561418996326,-0.005907228629449605,0.005907228629449605,11.597927657066368,14.009441257649913,23.14440039607788,0.10124989806571545,655.7324359658716
1,1,3.8677988428391155,1.0,1.0,1.0,1.0,1.0,0.92,0.6144393241167435,0.6144393241167435,0.6144393241167435,0.6144393241167435,0.6144393241167435,3.869908443744242,-0.006822045256328011,0.006822045256328011,11.781010686385727,14.605269586265633,24.142098693404034,0.09865799999999934,567.265137995762
1,1,3.866320597204858,1.0,1.0,0.92,1.0,1.0,1.0,0.6144393241167435,0.6144393241167435,0.6144393241167435,0.6144393241167435,0.6144393241167435,3.868412207605703,-0.00592252004225179,0.00592252004225179,11.608000361746127,14.184168140606078,23.46752259527201,0.09865799999999927,653.169964813644
3,4,3.8521380327007337,1.2128859879315672,0.8478390298994554,1.1230572220570427,0.831916897574987,0.9220987336883909,0.7304250183482989,0.5712451945788517,0.5313820962704598,0.5549253361767398,0.7501458690520211,0.562163503194416,3.854175781328391,-0.008618404060990315,0.008618404060990315,13.169998650804384,16.76291484050934,26.76833401936321,0.09326902732187065,447.20295707341427
2,2,3.8518090175800985,1.037092974820154,1.2202782177955611,0.7364957676317803,1.2191896682823464,0.8370988712062912,0.8239958693835455,0.7810810375281767,0.6136796545476645,0.6698374750692238,0.46102364529722734,0.7514052434699225,3.853961123626334,-0.006807654520786627,0.006807654520786627,11.75431837881958,14.395370758245551,23.694413516360854,0.10079764779098574,566.1217254575085
3,4,3.8492012652243948,1.2128859879315672,0.8478390298994554,1.1230572220570427,0.831916897574987,0.9220987336883909,0.7304250183482989,0.6112451945788517,0.5313820962704598,0.5149253361767397,0.7501458690520211,0.562163503194416,3.851240266342565,-0.008681028586638377,0.008681028586638377,13.068128336941543,16.642262266158344,26.865287012810512,0.09326902732187069,443.63870339861546
3,4,3.841347958248579,1.2128859879315672,0.8478390298994554,1.1230572220570427,0.831916897574987,0.9220987336883909,0.7304250183482989,0.6112451945788517,0.49138209627045987,0.5549253361767398,0.7501458690520211,0.562163503194416,3.843387638423248,-0.008714981411568488,0.008714981411568488,13.148094206163046,16.77381061967659,26.859240870982422,0.09326902732187065,441.00927551278966
3,4,3.8389295120400964,1.2128859879315672,0.8478390298994554,1.0430572220570427,0.831916897574987,0.9220987336883909,0.7304250183482989,0.6112451945788517,0.5313820962704598,0.5549253361767398,0.7501458690520211,0.562163503194416,3.8408887650268206,-0.007617876513880901,0.007617876513880901,12.886206161212229,16.08246960291762,26.351388806567737,0.09034477282231661,504.1941488586946
3,3,3.8255043377729736,1.1328859879315671,0.9278390298994553,1.1230572220570427,0.831916897574987,0.9220987336883909,0.7304250183482989,0.6112451945788517,0.5313820962704598,0.5549253361767398,0.7501458690520211,0.562163503194416,3.827517373794527,-0.008152400542503756,0.008152400542503756,12.933127745824986,16.45286837821685,27.11935821312687,0.09249940053518398,469.4957459265151
3,4,3.8206894553318502,1.2128859879315672,0.8478390298994554,1.1230572220570427,0.751916897574987,0.9220987336883909,0.7304250183482989,0.6112451945788517,0.5313820962704598,0.5549253361767398,0.7501458690520211,0.562163503194416,3.8226667093145905,-0.007731847438578598,0.007731847438578598,13.035383587161181,16.361881182057928,26.518352303429644,0.09113085169841818,494.4053461584259
3,3,3.8127550840540843,1.1328859879315671,0.8478390298994554,1.1230572220570427,0.831916897574987,0.9220987336883909,0.8104250183482988,0.6112451945788517,0.5313820962704598,0.5549253361767398,0.7501458690520211,0.562163503194416,3.8147459279033358,-0.007359809758595702,0.007359809758595702,12.545067888215334,15.743736272790935,26.074185483985424,0.09218238270399583,518.3212682159347
2,1,3.8037215127209003,0.957092974820154,1.2202782177955611,0.7364957676317803,1.2191896682823464,0.8370988712062912,0.9839958693835454,0.7810810375281767,0.6136796545476645,0.6698374750692238,0.46102364529722734,0.7514052434699225,3.8058983349508013,-0.005854037041404922,0.005854037041404922,11.299867112883483,13.759775244433113,22.718688496700267,0.10298707445364244,650.1322605292938
3,3,3.7981706972725036,1.1328859879315671,0.8478390298994554,1.1230572220570427,0.831916897574987,1.0020987336883909,0.7304250183482989,0.6112451945788517,0.5313820962704598,0.5549253361767398,0.7501458690520211,0.562163503194416,3.8001803162144996,-0.007781045364382407,0.007781045364382407,12.491712354931991,15.70314158168843,25.981836230949423,0.0926999017354141,488.3894307582058
2,2,3.7912438338286933,1.037092974820154,1.140278217795561,0.7364957676317803,1.2191896682823464,0.8370988712062912,0.9039958693835455,0.7810810375281767,0.6136796545476645,0.6698374750692238,0.46102364529722734,0.7514052434699225,3.793363035238619,-0.00601638504599623,0.00601638504599623,11.334483525876946,13.711467056334861,22.656222538764734,0.09994368545027325,630.5053626451348
2,1,3.7911028324402927,0.957092974820154,1.2202782177955611,0.8164957676317802,1.2191896682823464,0.8370988712062912,0.9039958693835455,0.7810810375281767,0.6136796545476645,0.6698374750692238,0.46102364529722734,0.7514052434699225,3.7932883320478443,-0.006740156198656223,0.006740156198656223,11.46534972800246,14.161321994160723,23.350145147496807,0.10253482417891271,562.7893805790595
1,1,3.7882442245192105,1.0,0.92,1.0,1.0,1.0,1.0,0.6144393241167435,0.6144393241167435,0.6144393241167435,0.6144393241167435,0.6144393241167435,3.7903385626281505,-0.006058905447009693,0.006058905447009693,11.356981453549343,13.91263514838814,23.01566302357685,0.0986579999999993,625.581401752825
2,1,3.7844238158093595,0.957092974820154,1.25,0.7364957676317803,1.2191896682823464,0.8370988712062912,0.9039958693835455,0.7810810375281767,0.6136796545476645,0.6698374750692238,0.46102364529722734,0.7514052434699225,3.7865858192822675,-0.006422907463050933,0.006422907463050933,11.454307851094823,14.037355905169004,23.138939073667835,0.1016772661823629,589.5438850809177
3,4,3.7841475658993575,1.2128859879315672,0.7678390298994554,1.1230572220570427,0.831916897574987,0.9220987336883909,0.7304250183482989,0.6112451945788517,0.5313820962704598,0.5549253361767398,0.7501458690520211,0.562163503194416,3.7861215886464494,-0.007613275413448946,0.007613275413448946,12.639721216373133,15.794003808750576,26.160834731370795,0.09108786194114214,497.3052179300145
2,1,3.777172547082914,0.957092974820154,1.2202782177955611,0.7364957676317803,1.2191896682823464,0.9170988712062912,0.9039958693835455,0.7810810375281767,0.6136796545476645,0.6698374750692238,0.46102364529722734,0.7514052434699225,3.779355512860951,-0.006341836343303612,0.006341836343303612,11.258393968259085,13.735004729144432,22.64375485599297,0.10280645255856385,595.9402463691132
2,1,3.76874315082861,0.957092974820154,1.2202782177955611,0.7364957676317803,1.2191896682823464,0.8370988712062912,0.9039958693835455,0.7410810375281767,0.6136796545476645,0.6698374750692238,0.46102364529722734,0.7514052434699225,3.770883180406857,-0.00656319330605379,0.00656319330605379,11.494303669858741,14.105525794831467,23.25782568444662,0.10043828560630692,574.5500710650487
3,4,3.762209335081982,1.2128859879315672,0.8478390298994554,1.1230572220570427,0.831916897574987,0.8420987336883909,0.7304250183482989,0.6112451945788517,0.5313820962704598,0.5549253361767398,0.7501458690520211,0.562163503194416,3.764190126887168,-0.008152229518372451,0.008152229518372451,13.054892751503456,16.521142430431137,26.668261713493912,0.09088736074091203,461.73750609007243
3,4,3.760193995689001,1.2128859879315672,0.8478390298994554,1.1230572220570427,0.831916897574987,0.9220987336883909,0.6504250183482989,0.6112451945788517,0.5313820962704598,0.5549253361767398,0.7501458690520211,0.562163503194416,3.762192596130816,-0.008525142318424741,0.008525142318424741,13.006099754856992,16.48478249841304,26.702252403449545,0.09140487977233028,441.30554723994175
3,3,3.756420915975876,1.1328859879315671,0.8478390298994554,1.2030572220570428,0.831916897574987,0.9220987336883909,0.7304250183482989,0.6112451945788517,0.5313820962704598,0.5549253361767398,0.7501458690520211,0.562163503194416,3.758449492291356,-0.008186326119979185,0.008186326119979185,12.685342494517569,16.164974042914356,26.68674828559316,0.09324248965400948,459.11309141699724
3,3,3.7505827299450982,1.1328859879315671,0.8478390298994554,1.1230572220570427,0.911916897574987,0.9220987336883909,0.7304250183482989,0.6112451945788517,0.5313820962704598,0.5549253361767398,0.7501458690520211,0.562163503194416,3.7525950353492528,-0.008158859429826406,0.008158859429826406,12.522782827588019,15.872938438075776,26.21844760386564,0.09245641077790794,459.9411311868987
2,1,3.743520258619139,0.957092974820154,1.2202782177955611,0.7364957676317803,1.2191896682823464,0.8370988712062912,0.9039958693835455,0.7810810375281767,0.6136796545476645,0.6698374750692238,0.5010236452972273,0.7514052434699225,3.7456481615511317,-0.005956860993312148,0.005956860993312148,11.283989082674971,13.732227359979563,22.678822321694405,0.1004382856063069,628.7956300736954
2,1,3.7423242687024736,0.957092974820154,1.2202782177955611,0.7364957676317803,1.2191896682823464,0.8370988712062912,0.9039958693835455,0.7810810375281767,0.5736796545476645,0.6698374750692238,0.46102364529722734,0.7514052434699225,3.744468431535785,-0.006769856059249491,0.006769856059249491,11.461377035844434,14.128969884392994,23.27642061058441,0.10043828560630692,553.1090172027821
2,1,3.741012378813319,0.957092974820154,1.2202782177955611,0.7364957676317803,1.25,0.8370988712062912,0.9039958693835455,0.7810810375281767,0.6136796545476645,0.6698374750692238,0.46102364529722734,0.7514052434699225,3.7431754026022555,-0.00642911201280458,0.00642911201280458,11.286606874448564,13.80948235925863,22.76922671662864,0.10172207743402359,582.222769668212
2,1,3.7371468895318967,0.957092974820154,1.2202782177955611,0.7364957676317803,1.2191896682823464,0.8370988712062912,0.9039958693835455,0.7810810375281767,0.6136796545476645,0.7098374750692238,0.46102364529722734,0.7514052434699225,3.739271577518532,-0.005796113725461737,0.005796113725461737,11.19965216837962,13.562553476650839,22.39965129260888,0.10043828560630688,645.1342666194234
2,0,3.732590529657149,0.957092974820154,1.2202782177955611,0.7364957676317803,1.2191896682823464,0.8370988712062912,0.9039958693835455,0.7810810375281767,0.6136796545476645,0.6698374750692238,0.46102364529722734,0.7514052434699225,3.7347251742415595,-0.006293943614229874,0.006293943614229874,11.295742370903872,13.795922705862674,22.75874610470365,0.1004382856063069,593.3839581590436
2,2,3.7325905296571484,0.9570929748201541,1.2202782177955611,0.7364957676317803,1.2191896682823464,0.8370988712062912,0.9039958693835455,0.7810810375281767,0.6136796545476645,0.6698374750692238,0.46102364529722734,0.7514052434699225,3.734725174241559,-0.00629394361423067,0.00629394361423067,11.295742370903874,13.795922705862674,22.758746104703658,0.1004382856063069,593.3839581589685
2,1,3.731804431506677,0.957092974820154,1.2202782177955611,0.7364957676317803,1.2191896682823464,0.8370988712062912,0.9039958693835455,0.7810810375281767,0.6136796545476645,0.6698374750692238,0.46102364529722734,0.7914052434699226,3.7339362516707135,-0.006152722595522618,0.006152722595522618,11.298210403752062,13.787041157112476,22.75306120027517,0.10043828560630691,606.8754431392578
2,1,3.730912966492792,0.957092974820154,1.2202782177955611,0.7364957676317803,1.2191896682823464,0.8370988712062912,0.9039958693835455,0.7810810375281767,0.6136796545476645,0.6698374750692238,0.46102364529722734,0.7114052434699225,3.733050471883319,-0.006436983920049215,0.006436983920049215,11.293456303368789,13.80505179937575,22.763869774290832,0.1004382856063069,579.9378277543962
2,1,3.728901108143417,0.957092974820154,1.2202782177955611,0.7364957676317803,1.2191896682823464,0.8370988712062912,0.9039958693835455,0.7810810375281767,0.6136796545476645,0.6698374750692238,0.45,0.7514052434699225,3.7310376015896356,-0.006386386704619554,0.006386386704619554,11.299082762008318,13.813746119242875,22.781052811450824,0.1004382856063069,584.2173006671852
1,1,3.7267740626611765,0.92,1.0,1.0,1.0,1.0,1.0,0.6144393241167435,0.6144393241167435,0.6144393241167435,0.6144393241167435,0.6144393241167435,3.7288729896516517,-0.006288349523755301,0.006288349523755301,11.296083878655201,13.951266369373075,23.040282233449627,0.09865799999999933,592.9811909413122
2,1,3.7229008878174166,0.957092974820154,1.2202782177955611,0.7364957676317803,1.2191896682823464,0.8370988712062912,0.9039958693835455,0.7810810375281767,0.6136796545476645,0.6298374750692237,0.46102364529722734,0.7514052434699225,3.7250455580108675,-0.006795224066240508,0.006795224066240508,11.389317519384589,14.031469748110743,23.1151683057698,0.10043828560630692,548.1858319459019
3,3,3.7228357598451782,1.1328859879315671,0.8478390298994554,1.1230572220570427,0.831916897574987,0.9220987336883909,0.7304250183482989,0.6112451945788517,0.5313820962704598,0.5949253361767398,0.7501458690520211,0.562163503194416,3.72478318347475,-0.007268946324114268,0.007268946324114268,12.474984913493945,15.58463916127415,25.81553441944262,0.09010223515445545,512.4240869846594
2,1,3.7174867183849702,0.957092974820154,1.2202782177955611,0.7364957676317803,1.2191896682823464,0.8370988712062912,0.9039958693835455,0.7810810375281767,0.6536796545476645,0.6698374750692238,0.46102364529722734,0.7514052434699225,3.719611963240621,-0.00582395717624172,0.00582395717624172,11.12370930963614,13.461806456605347,22.226303432204748,0.10043828560630687,638.6743327053339
3,3,3.7150785127505377,1.1328859879315671,0.8478390298994554,1.1230572220570427,0.831916897574987,0.9220987336883909,0.7304250183482989,0.5712451945788517,0.5313820962704598,0.5549253361767398,0.7501458690520211,0.562163503194416,3.7170413617240468,-0.008040213520994485,0.008040213520994485,12.705180952400763,16.088493647661185,26.555283832903857,0.09010223515445547,462.3062997043753
3,3,3.711149969973289,1.1328859879315671,0.8478390298994554,1.1230572220570427,0.831916897574987,0.9220987336883909,0.7304250183482989,0.6112451945788517,0.5313820962704598,0.5549253361767398,0.7901458690520211,0.562163503194416,3.713099122711214,-0.0073554017417786785,0.0073554017417786785,12.5269791523846,15.698572398015834,25.99460897655517,0.09010223515445545,504.8125517904498
3,3,3.7091679990218642,1.1328859879315671,0.8478390298994554,1.1230572220570427,0.831916897574987,0.9220987336883909,0.7304250183482989,0.6112451945788517,0.5313820962704598,0.5549253361767398,0.7501458690520211,0.522163503194416,3.711127779938877,-0.007886810696159274,0.007886810696159274,12.522586857316925,15.784038813792314,26.093091594053906,0.09010223515445545,470.54860613633406
3,3,3.7083583318860716,1.1328859879315671,0.8478390298994554,1.1230572220570427,0.831916897574987,0.9220987336883909,0.7304250183482989,0.6112451945788517,0.5713820962704599,0.5549253361767398,0.7501458690520211,0.562163503194416,3.71030684375919,-0.007323358501461485,0.007323358501461485,12.36927253593388,15.439835458977763,25.568570700094927,0.09010223515445545,506.6400672613178
3,2,3.705446824064476,1.1328859879315671,0.8478390298994554,1.1230572220570427,0.831916897574987,0.9220987336883909,0.7304250183482989,0.6112451945788517,0.5313820962704598,0.5549253361767398,0.7501458690520211,0.562163503194416,3.7074036225023743,-0.00773768674044868,0.00773768674044868,12.527973663807941,15.77231772594032,26.08184139094871,0.09010223515445547,479.13591579276
3,4,3.705446824064476,1.1328859879315671,0.8478390298994554,1.1230572220570427,0.831916897574987,0.9220987336883909,0.7304250183482989,0.6112451945788517,0.5313820962704598,0.5549253361767398,0.7501458690520211,0.562163503194416,3.7074036225023743,-0.00773768674044868,0.00773768674044868,12.527973663807941,15.77231772594032,26.08184139094871,0.09010223515445547,479.13591579276
2,1,3.705424288631921,0.957092974820154,1.2202782177955611,0.7364957676317803,1.1391896682823464,0.8370988712062912,0.9039958693835455,0.7810810375281767,0.6136796545476645,0.6698374750692238,0.46102364529722734,0.7514052434699225,3.7074881976226988,-0.0059409760369522925,0.0059409760369522925,11.319262559571074,13.760287608946346,22.73051501933636,0.09725447350194458,624.0537202241658
3,3,3.6993791241063665,1.1328859879315671,0.8478390298994554,1.1230572220570427,0.831916897574987,0.9220987336883909,0.7304250183482989,0.6112451945788517,0.5313820962704598,0.5549253361767398,0.7501458690520211,0.602163503194416,3.701332979845796,-0.007590551816998868,0.007590551816998868,12.533393859761057,15.760800721751112,26.070099716695157,0.09010223515445547,487.6237023449
3,3,3.6964540309889675,1.1328859879315671,0.8478390298994554,1.1230572220570427,0.831916897574987,0.9220987336883909,0.7304250183482989,0.6112451945788517,0.49138209627045987,0.5549253361767398,0.7501458690520211,0.562163503194416,3.698419190824651,-0.008155756629707639,0.008155756629707639,12.679323374115581,16.10026569798605,26.579285366725806,0.09010223515445547,453.4734615980356
3,3,3.694635785050302,1.1328859879315671,0.8478390298994554,1.1230572220570427,0.831916897574987,0.9220987336883909,0.7304250183482989,0.6112451945788517,0.5313820962704598,0.5549253361767398,0.710145869052021,0.562163503194416,3.6966001795625356,-0.008117490457223767,0.008117490457223767,12.529522345323814,15.847731804338263,26.170298209666427,0.09010223515445548,455.3870680898584
2,1,3.692948909048207,0.957092974820154,1.2202782177955611,0.7364957676317803,1.2191896682823464,0.8370988712062912,0.9039958693835455,0.8210810375281767,0.6136796545476645,0.6698374750692238,0.46102364529722734,0.7514052434699225,3.695078224140727,-0.006027469019697151,0.006027469019697151,11.090106485757955,13.481431720511802,22.248836360069276,0.1004382856063069,613.0397704352507
3,3,3.689826697055804,1.1328859879315671,0.8478390298994554,1.1230572220570427,0.831916897574987,0.9220987336883909,0.7304250183482989,0.6512451945788518,0.5313820962704598,0.5549253361767398,0.7501458690520211,0.562163503194416,3.691777728016307,-0.007449312870679023,0.007449312870679023,12.342150153157768,15.448642206437707,25.570358282772336,0.09010223515445545,495.5863436139704
3,3,3.682506492142829,1.1328859879315671,0.8478390298994554,1.1230572220570427,0.831916897574987,0.9220987336883909,0.7304250183482989,0.6112451945788517,0.5313820962704598,0.5149253361767397,0.7501458690520211,0.562163503194416,3.6844725609069924,-0.008201203053683685,0.008201203053683685,12.579192939997828,15.96088776702161,26.346903914897762,0.09010223515445549,449.2600093899712
2,1,3.67709151800096,0.957092974820154,1.2202782177955611,0.7364957676317803,1.2191896682823464,0.7570988712062913,0.9039958693835455,0.7810810375281767,0.6136796545476645,0.6698374750692238,0.46102364529722734,0.7514052434699225,3.6791819126927003,-0.006233615932971929,0.006233615932971929,11.332572759046467,13.852307221326,22.85846580255369,0.09828611865404994,590.2163290542379
2,1,3.670870811864745,0.957092974820154,1.2202782177955611,0.6564957676317803,1.2191896682823464,0.8370988712062912,0.9039958693835455,0.7810810375281767,0.6136796545476645,0.6698374750692238,0.46102364529722734,0.7514052434699225,3.6729590759316206,-0.005855456310057207,0.005855456310057207,11.120939253693438,13.434954455643721,22.16978619163393,0.09855774703370107,627.2711948380563
3,3,3.653303063055024,1.1328859879315671,0.8478390298994554,1.1230572220570427,0.751916897574987,0.9220987336883909,0.7304250183482989,0.6112451945788517,0.5313820962704598,0.5549253361767398,0.7501458690520211,0.562163503194416,3.655208723800045,-0.007318977720046178,0.007318977720046178,12.532119916598619,15.670941135255212,25.94387738139476,0.08796405953100299,499.41520026610806
2,1,3.652131063303598,0.957092974820154,1.2202782177955611,0.7364957676317803,1.2191896682823464,0.8370988712062912,0.8239958693835455,0.7810810375281767,0.6136796545476645,0.6698374750692238,0.46102364529722734,0.7514052434699225,3.654227173890462,-0.006700032584221163,0.006700032584221163,11.288388364501477,13.829365557187597,22.787918885243162,0.09810549675897136,545.4043884049623
3,3,3.649733871646335,1.1328859879315671,0.8478390298994554,1.0430572220570427,0.831916897574987,0.9220987336883909,0.7304250183482989,0.6112451945788517,0.5313820962704598,0.5549253361767398,0.7501458690520211,0.562163503194416,3.6516233605050803,-0.007296462282371749,0.007296462282371749,12.362729442946335,15.381465912306007,25.45177268080388,0.08717798065490143,500.46491288352183
3,2,3.624183727892172,1.052885987931567,0.9278390298994553,1.1230572220570427,0.831916897574987,0.9220987336883909,0.7304250183482989,0.6112451945788517,0.5313820962704598,0.5549253361767398,0.7501458690520211,0.562163503194416,3.6261320712218676,-0.007868558117032649,0.007868558117032649,12.426311612373192,15.764818897406814,26.02350476239402,0.08954860836776879,460.83818881283634
3,2,3.6078348992152343,1.052885987931567,0.8478390298994554,1.1230572220570427,0.831916897574987,0.9220987336883909,0.8104250183482988,0.6112451945788517,0.5313820962704598,0.5549253361767398,0.7501458690520211,0.562163503194416,3.6097624622658366,-0.0071465619935380574,0.0071465619935380574,12.030465271521745,15.061588028255322,24.90981760893461,0.08923159053658064,505.104757438583
3,3,3.6005758906210485,1.1328859879315671,0.8478390298994554,1.1230572220570427,0.831916897574987,0.8420987336883909,0.7304250183482989,0.6112451945788517,0.5313820962704598,0.5549253361767398,0.7501458690520211,0.562163503194416,3.602484001529579,-0.007684976853036005,0.007684976853036005,12.56355650185711,15.83734091696495,26.168358807086914,0.08772056857349685,468.76966195498585
3,2,3.5919860179125664,1.052885987931567,0.8478390298994554,1.1230572220570427,0.831916897574987,1.0020987336883909,0.7304250183482989,0.6112451945788517,0.5313820962704598,0.5549253361767398,0.7501458690520211,0.562163503194416,3.593931968297091,-0.007548409658214496,0.007548409658214496,11.97897388497683,15.02549727502,24.8231395265052,0.08974910956799889,476.117769308668
2,1,3.590777859709017,0.957092974820154,1.140278217795561,0.7364957676317803,1.2191896682823464,0.8370988712062912,0.9039958693835455,0.7810810375281767,0.6136796545476645,0.6698374750692238,0.46102364529722734,0.7514052434699225,3.59284204146466,-0.005957553363887655,0.005957553363887655,10.864341899711182,13.151382302133447,21.696330366436822,0.09725153441825889,603.073413197279
3,3,3.5875717003427128,1.1328859879315671,0.8478390298994554,1.1230572220570427,0.831916897574987,0.9220987336883909,0.6504250183482989,0.6112451945788517,0.5313820962704598,0.5549253361767398,0.7501458690520211,0.562163503194416,3.5894979714693327,-0.008075468726079862,0.008075468726079862,12.507842325840972,15.798590475036773,26.077731034404152,0.0882380876049151,444.4940712700662
3,3,3.581401550663918,1.1328859879315671,0.7678390298994554,1.1230572220570427,0.831916897574987,0.9220987336883909,0.7304250183482989,0.6112451945788517,0.5313820962704598,0.5549253361767398,0.7501458690520211,0.562163503194416,3.583307092709591,-0.007356032509915736,0.007356032509915736,12.113241990478505,15.097343328111851,24.96948485251238,0.08792106977372695,487.1249668730241
3,2,3.553600588852112,1.052885987931567,0.8478390298994554,1.2030572220570428,0.831916897574987,0.9220987336883909,0.7304250183482989,0.6112451945788517,0.5313820962704598,0.5549253361767398,0.7501458690520211,0.562163503194416,3.555564882815296,-0.007923000672598504,0.007923000672598504,12.183675274774195,15.489428551158634,25.55233623255758,0.0902916974865943,448.7649351226394
3,2,3.5448690925901603,1.052885987931567,0.8478390298994554,1.1230572220570427,0.911916897574987,0.9220987336883909,0.7304250183482989,0.6112451945788517,0.5313820962704598,0.5549253361767398,0.7501458690520211,0.562163503194416,3.5468172633675827,-0.007902920260632868,0.007902920260632868,12.01618025043909,15.199008315633305,25.064238379645982,0.08950561861049275,448.79831080106993
2,1,3.534272900212868,0.877092974820154,1.2202782177955611,0.7364957676317803,1.2191896682823464,0.8370988712062912,0.9039958693835455,0.7810810375281767,0.6136796545476645,0.6698374750692238,0.46102364529722734,0.7514052434699225,3.53635685278026,-0.00623549379529777,0.00623549379529777,10.845198553742286,13.256351485842906,21.82736035986568,0.09796213457429252,567.1334089766958
3,2,3.5199197202479744,1.052885987931567,0.8478390298994554,1.1230572220570427,0.831916897574987,0.9220987336883909,0.7304250183482989,0.6112451945788517,0.5313820962704598,0.5949253361767398,0.7501458690520211,0.562163503194416,3.5218036722247366,-0.0070461558510661465,0.0070461558510661465,11.958805746406892,14.902957339321246,24.65172413849186,0.08715144298704024,499.81915624132216
3,2,3.5122680291101656,1.052885987931567,0.8478390298994554,1.1230572220570427,0.831916897574987,0.9220987336883909,0.7304250183482989,0.5712451945788517,0.5313820962704598,0.5549253361767398,0.7501458690520211,0.562163503194416,3.514166216536828,-0.007757928346089784,0.007757928346089784,12.187880498685718,15.389203688693922,25.386954237491143,0.08715144298704026,452.9774006366103
3,2,3.508661813828566,1.052885987931567,0.8478390298994554,1.1230572220570427,0.831916897574987,0.9220987336883909,0.7304250183482989,0.6112451945788517,0.5313820962704598,0.5549253361767398,0.7901458690520211,0.562163503194416,3.5105473889811356,-0.0071273146414490614,0.0071273146414490614,12.011913057842536,15.014723821916848,24.827104852622025,0.08715144298704026,492.54839523506746
3,2,3.5050422926866713,1.052885987931567,0.8478390298994554,1.1230572220570427,0.831916897574987,0.9220987336883909,0.7304250183482989,0.6112451945788517,0.5713820962704599,0.5549253361767398,0.7501458690520211,0.562163503194416,3.5069274005127338,-0.00710394831609085,0.00710394831609085,11.855685865036342,14.766271510815612,24.417603114134746,0.08715144298704026,493.65891254717354
3,2,3.5044699718845074,1.052885987931567,0.8478390298994554,1.1230572220570427,0.831916897574987,0.9220987336883909,0.7304250183482989,0.6112451945788517,0.5313820962704598,0.5549253361767398,0.7501458690520211,0.522163503194416,3.506365781532818,-0.007639039428501065,0.007639039428501065,12.009960192175589,15.101590542494563,24.92674275801286,0.08715144298704026,459.0061112200384
3,1,3.5015369110010526,1.052885987931567,0.8478390298994554,1.1230572220570427,0.831916897574987,0.9220987336883909,0.7304250183482989,0.6112451945788517,0.5313820962704598,0.5549253361767398,0.7501458690520211,0.562163503194416,3.5034298012448355,-0.007493069202119955,0.007493069202119955,12.015050549240593,15.089508236679482,24.91523344057894,0.08715144298704026,467.55604502539995
3,3,3.5015369110010526,1.052885987931567,0.8478390298994554,1.1230572220570427,0.831916897574987,0.9220987336883909,0.7304250183482989,0.6112451945788517,0.5313820962704598,0.5549253361767398,0.7501458690520211,0.562163503194416,3.5034298012448355,-0.007493069202119955,0.007493069202119955,12.015050549240593,15.089508236679482,24.91523344057894,0.08715144298704026,467.55604502539995
3,2,3.4963403852872417,1.052885987931567,0.8478390298994554,1.1230572220570427,0.831916897574987,0.9220987336883909,0.7304250183482989,0.6112451945788517,0.5313820962704598,0.5549253361767398,0.7501458690520211,0.602163503194416,3.4982304313626935,-0.007350860785552413,0.007350860785552413,12.020135029597121,15.07765823303422,24.903270939764685,0.08715144298704026,475.89398485660524
3,2,3.492821741346318,1.052885987931567,0.8478390298994554,1.1230572220570427,0.831916897574987,0.9220987336883909,0.7304250183482989,0.6112451945788517,0.49138209627045987,0.5549253361767398,0.7501458690520211,0.562163503194416,3.4947223876165934,-0.007880870526753597,0.007880870526753597,12.167106036967905,15.40816201793837,25.402050246425443,0.08715144298704028,443.44370025530543
3,2,3.489493468164476,1.052885987931567,0.8478390298994554,1.1230572220570427,0.831916897574987,0.9220987336883909,0.7304250183482989,0.6112451945788517,0.5313820962704598,0.5549253361767398,0.710145869052021,0.562163503194416,3.4913936322173704,-0.007856759657692919,0.007856759657692919,12.018660354694669,15.165920394162406,25.00448519622709,0.08715144298704029,444.3808623824689
3,2,3.4867823930042148,1.052885987931567,0.8478390298994554,1.1230572220570427,0.831916897574987,0.9220987336883909,0.7304250183482989,0.6512451945788518,0.5313820962704598,0.5549253361767398,0.7501458690520211,0.562163503194416,3.4886699600566624,-0.007226909635340917,0.007226909635340917,11.83443272336062,14.783164072724732,24.43107968588481,0.08715144298704026,482.73330318071567
3,2,3.4778004935171256,1.052885987931567,0.8478390298994554,1.1230572220570427,0.831916897574987,0.9220987336883909,0.7304250183482989,0.6112451945788517,0.5313820962704598,0.5149253361767397,0.7501458690520211,0.562163503194416,3.4797022048791963,-0.007934125116501036,0.007934125116501036,12.069387724815238,15.276775812972433,25.177068853865038,0.08715144298704029,438.5741532664097
3,2,3.451678874494721,1.052885987931567,0.8478390298994554,1.1230572220570427,0.751916897574987,0.9220987336883909,0.7304250183482989,0.6112451945788517,0.5313820962704598,0.5549253361767398,0.7501458690520211,0.562163503194416,3.45352090066169,-0.0070880409848552975,0.0070880409848552975,12.012687697288609,14.979612579636104,24.7652510660009,0.0850132673635878,487.2320727321801
3,2,3.44647694857002,1.052885987931567,0.8478390298994554,1.0430572220570427,0.831916897574987,0.9220987336883909,0.7304250183482989,0.6112451945788517,0.5313820962704598,0.5549253361767398,0.7501458690520211,0.562163503194416,3.4483028386727117,-0.00706731664710162,0.00706731664710162,11.839974970283176,14.693435304840275,24.27922938682027,0.08422718848748624,487.9225045175946
3,1,3.4215571844942896,0.972885987931567,0.9278390298994553,1.1230572220570427,0.831916897574987,0.9220987336883909,0.7304250183482989,0.6112451945788517,0.5313820962704598,0.5549253361767398,0.7501458690520211,0.562163503194416,3.423445945370108,-0.007624227590565851,0.007624227590565851,11.92759572038081,15.096572345906635,24.877463732157068,0.0868138162003536,449.0220031739672
3,1,3.405048703641287,0.972885987931567,0.8478390298994554,1.1230572220570427,0.831916897574987,0.9220987336883909,0.8104250183482988,0.6112451945788517,0.5313820962704598,0.5549253361767398,0.7501458690520211,0.562163503194416,3.40691744702782,-0.006940370957500818,0.006940370957500818,11.526215974433358,14.401288834727497,23.77911652399244,0.08649679836916545,490.8840561822979
3,2,3.399526419220741,1.052885987931567,0.8478390298994554,1.1230572220570427,0.831916897574987,0.8420987336883909,0.7304250183482989,0.6112451945788517,0.5313820962704598,0.5549253361767398,0.7501458690520211,0.562163503194416,3.4013704592648586,-0.007432225799786806,0.007432225799786806,12.05052143168106,15.149647270554834,24.994730313283082,0.08476977640608166,457.65165791416445
3,1,3.3879625679488865,0.972885987931567,0.8478390298994554,1.1230572220570427,0.831916897574987,1.0020987336883909,0.7304250183482989,0.6112451945788517,0.5313820962704598,0.5549253361767398,0.7501458690520211,0.562163503194416,3.3898492810546412,-0.007321337887152936,0.007321337887152936,11.476735707015154,14.36979337678138,23.698076581900903,0.0870143174005837,463.0095391448815
3,2,3.3849868372623284,1.052885987931567,0.8478390298994554,1.1230572220570427,0.831916897574987,0.9220987336883909,0.6504250183482989,0.6112451945788517,0.5313820962704598,0.5549253361767398,0.7501458690520211,0.562163503194416,3.386848652424198,-0.007803462655963358,0.007803462655963358,11.996779614009014,15.115224277965913,24.909191813397644,0.08528729543749991,434.0186916683697
3,2,3.37834362655153,1.052885987931567,0.7678390298994554,1.1230572220570427,0.831916897574987,0.9220987336883909,0.7304250183482989,0.6112451945788517,0.5313820962704598,0.5549253361767398,0.7501458690520211,0.562163503194416,3.38018542134956,-0.00711946229519026,0.00711946229519026,11.596004122863926,14.421430697876906,23.815746948875645,0.08497027760631175,474.7809990697097
3,1,3.351512823319194,0.972885987931567,0.8478390298994554,1.2030572220570428,0.831916897574987,0.9220987336883909,0.7304250183482989,0.6112451945788517,0.5313820962704598,0.5549253361767398,0.7501458690520211,0.562163503194416,3.353417401755651,-0.007672016503652003,0.007672016503652003,11.690611432097132,14.833603989156472,24.426965261979895,0.08755690531917912,437.0972612167049
3,1,3.3413321168684824,0.972885987931567,0.8478390298994554,1.1230572220570427,0.911916897574987,0.9220987336883909,0.7304250183482989,0.6112451945788517,0.5313820962704598,0.5549253361767398,0.7501458690520211,0.562163503194416,3.34322060586095,-0.007653623180287127,0.007653623180287127,11.52003096760175,14.546899027825912,23.943987764278216,0.08677082644307757,436.81541762754097
3,1,3.319193464050231,0.972885987931567,0.8478390298994554,1.1230572220570427,0.831916897574987,0.9220987336883909,0.7304250183482989,0.6112451945788517,0.5313820962704598,0.5949253361767398,0.7501458690520211,0.562163503194416,3.3210184753958716,-0.006833916462421257,0.006833916462421257,11.45321750747615,14.24329365648089,23.521930719404757,0.08441665081962506,485.9612337460787
3,1,3.3099068042012583,0.972885987931567,0.8478390298994554,1.1230572220570427,0.831916897574987,0.9220987336883909,0.7304250183482989,0.5712451945788517,0.5313820962704598,0.5549253361767398,0.7501458690520211,0.562163503194416,3.3117451171911134,-0.007498998673135702,0.007498998673135702,11.679331702495846,14.710456522413795,24.226618551503904,0.08441665081962509,441.6249770859486
3,1,3.308365164212251,0.972885987931567,0.8478390298994554,1.1230572220570427,0.831916897574987,0.9220987336883909,0.7304250183482989,0.6112451945788517,0.5313820962704598,0.5549253361767398,0.7901458690520211,0.562163503194416,3.3101916166404073,-0.006905970588179002,0.006905970588179002,11.507202983671995,14.35273687824126,23.693571636537936,0.08441665081962506,479.32315586551806
3,1,3.30396082296266,0.972885987931567,0.8478390298994554,1.1230572220570427,0.831916897574987,0.9220987336883909,0.7304250183482989,0.6112451945788517,0.5713820962704599,0.5549253361767398,0.7501458690520211,0.562163503194416,3.305786962314804,-0.00689031678760648,0.00689031678760648,11.353220247288512,14.115062364871337,23.301218297954467,0.08441665081962507,479.7728557649017
3,1,3.30196455028151,0.972885987931567,0.8478390298994554,1.1230572220570427,0.831916897574987,0.9220987336883909,0.7304250183482989,0.6112451945788517,0.5313820962704598,0.5549253361767398,0.7501458690520211,0.522163503194416,3.30380082337646,-0.007397003927893025,0.007397003927893025,11.507582471429219,14.440911146694527,23.79410509405139,0.08441665081962507,446.64040408553905
3,0,3.299824939833038,0.972885987931567,0.8478390298994554,1.1230572220570427,0.831916897574987,0.9220987336883909,0.7304250183482989,0.6112451945788517,0.5313820962704598,0.5549253361767398,0.7501458690520211,0.562163503194416,3.3016584055649854,-0.007256635777738324,0.007256635777738324,11.512362716316325,14.428484457068116,23.782429577959338,0.08441665081962509,454.9847211146669
3,2,3.299824939833038,0.9728859879315671,0.8478390298994554,1.1230572220570427,0.831916897574987,0.9220987336883909,0.7304250183482989,0.6112451945788517,0.5313820962704598,0.5549253361767398,0.7501458690520211,0.562163503194416,3.3016584055649854,-0.007256635777738438,0.007256635777738438,11.512362716316325,14.428484457068118,23.782429577959338,0.08441665081962509,454.98472111465975
3,1,3.295478516527349,0.972885987931567,0.8478390298994554,1.1230572220570427,0.831916897574987,0.9220987336883909,0.7304250183482989,0.6112451945788517,0.5313820962704598,0.5549253361767398,0.7501458690520211,0.602163503194416,3.2973092144175853,-0.007118243692201872,0.007118243692201872,11.517154784996945,14.416289871226907,23.77032799599528,0.08441665081962507,463.2194902276007
3,1,3.290641830521285,0.972885987931567,0.8478390298994554,1.1230572220570427,0.831916897574987,0.9220987336883909,0.7304250183482989,0.6112451945788517,0.49138209627045987,0.5549253361767398,0.7501458690520211,0.562163503194416,3.2924825414840195,-0.007618897317105621,0.007618897317105621,11.664340055833375,14.737224508474164,24.25313645210984,0.08441665081962509,432.14685858698726
3,1,3.2865630000295205,0.972885987931567,0.8478390298994554,1.1230572220570427,0.831916897574987,0.9220987336883909,0.7304250183482989,0.6112451945788517,0.5313820962704598,0.5549253361767398,0.710145869052021,0.562163503194416,3.2884033810069457,-0.00760239805164224,0.00760239805164224,11.517918710140474,14.505817611640687,23.872323286856382,0.08441665081962509,432.5481721253201
3,1,3.2859790232200172,0.972885987931567,0.8478390298994554,1.1230572220570427,0.831916897574987,0.9220987336883909,0.7304250183482989,0.6512451945788518,0.5313820962704598,0.5549253361767398,0.7501458690520211,0.562163503194416,3.28780759036068,-0.007011706213501156,0.007011706213501156,11.338183683800095,14.140265342063756,23.32678484668156,0.08441665081962507,468.90264512651027
3,1,3.275281572550947,0.972885987931567,0.8478390298994554,1.1230572220570427,0.831916897574987,0.9220987336883909,0.7304250183482989,0.6112451945788517,0.5313820962704598,0.5149253361767397,0.7501458690520211,0.562163503194416,3.2771234020487903,-0.007674824072525098,0.007674824072525098,11.569490512695582,14.614200750997622,24.041045086124242,0.08441665081962511,426.9965501594334
3,1,3.2522516387055926,0.972885987931567,0.8478390298994554,1.1230572220570427,0.751916897574987,0.9220987336883909,0.7304250183482989,0.6112451945788517,0.5313820962704598,0.5549253361767398,0.7501458690520211,0.562163503194416,3.2540344608678002,-0.006862632914202095,0.006862632914202095,11.503340494060446,14.310002825773289,23.620400830468032,0.08227847519617261,474.1670582632556
3,1,3.2454988530434896,0.972885987931567,0.8478390298994554,1.0430572220570427,0.831916897574987,0.9220987336883909,0.7304250183482989,0.6112451945788517,0.5313820962704598,0.5549253361767398,0.7501458690520211,0.562163503194416,3.2472655782949515,-0.006843866253018177,0.006843866253018177,11.327741334722731,14.02747401492165,23.141697094222533,0.08149239632007105,474.4782347058422
3,1,3.200671476363007,0.972885987931567,0.8478390298994554,1.1230572220570427,0.831916897574987,0.8420987336883909,0.7304250183482989,0.6112451945788517,0.5313820962704598,0.5549253361767398,0.7501458690520211,0.562163503194416,3.202455898146075,-0.007186104914730322,0.007186104914730322,11.547484688315569,14.48356779273774,23.85525502773455,0.08203498423866645,445.64558076261477
3,1,3.184645216841693,0.972885987931567,0.8478390298994554,1.1230572220570427,0.831916897574987,0.9220987336883909,0.6504250183482989,0.6112451945788517,0.5313820962704598,0.5549253361767398,0.7501458690520211,0.562163503194416,3.1864470250323946,-0.00753790626497937,0.00753790626497937,11.495829383804024,14.453557216930513,23.774658235608495,0.08255250327008472,422.7230895449607
3,1,3.1776286440507318,0.972885987931567,0.7678390298994554,1.1230572220570427,0.831916897574987,0.9220987336883909,0.7304250183482989,0.6112451945788517,0.5313820962704598,0.5549253361767398,0.7501458690520211,0.562163503194416,3.1794112027441397,-0.006892449231508976,0.006892449231508976,11.090056610932697,13.768057960540732,22.69730295888256,0.08223548543889657,461.2890274489647
3,1,3.100488221685641,0.892885987931567,0.8478390298994554,1.1230572220570427,0.831916897574987,0.9220987336883909,0.7304250183482989,0.6112451945788517,0.5313820962704598,0.5549253361767398,0.7501458690520211,0.562163503194416,3.102266685204445,-0.0070253172879967,0.0070253172879967,11.0216320595566,13.79037561621311,22.68591293931542,0.08189785865220989,441.5838542274679
