frequency,wavelength,ajoint,score,fx_over_abs_fy,abs_fy_over_fx,mean_fx,mean_fy,mean_abs_fy,mean_force_mag,peak_force_mag,energy_proxy
0.5,0.8,0.1,-0.31741352847788834,-0.039867564546260364,inf,-0.0040954843759806086,-8.405169990268747e-06,0.10272722757439597,0.10393390686570506,0.1406908234619668,0.00499999999994786
0.5133333333333333,0.8,0.1,-0.33016301578843976,-0.040118310610840056,inf,-0.0042864321324299045,0.0012850206359457275,0.10684478152656061,0.10809035035842593,0.1483285435635693,0.005019841812165838
0.5,0.8233333333333334,0.1,-0.33147125960992246,-0.03396944062099854,inf,-0.003651104035784324,-6.021691028067267e-06,0.10748201822102889,0.10861177296424998,0.14772723064626683,0.004999999999948907
0.5133333333333333,0.8233333333333334,0.1,-0.34423158242398594,-0.0343843020526806,inf,-0.003837447460182409,0.001163021351953077,0.11160463441436182,0.11277226202467448,0.15575155213513572,0.005016549084916357
0.5,0.8466666666666667,0.1,-0.3465622696952132,-0.028173693886067802,inf,-0.003171991014752399,-3.886547614357028e-06,0.11258697661654452,0.11364344309843141,0.15546542877030442,0.004999999999950205
0.5266666666666666,0.8,0.1,-0.3479117096361549,-0.036941502335902536,inf,-0.0041634676991729215,0.004314187763096832,0.11270434161868263,0.11398591877086046,0.15616483497520925,0.005031127285297478
0.5,0.8,0.10833333333333334,-0.35429925461465567,-0.041881824456127856,inf,-0.004799245258773153,-1.0427086074791702e-05,0.1145901670019287,0.11600000541287238,0.15866505975035378,0.005868055555494363
0.5133333333333333,0.8466666666666667,0.1,-0.3593531243193873,-0.02872722156135657,inf,-0.003353079398782656,0.0010382432408101395,0.11672132620347693,0.11781573235700551,0.16391183712176596,0.005012646479498908
0.5266666666666666,0.8233333333333334,0.1,-0.36232739610871356,-0.03146036319646511,inf,-0.003699204316808162,0.004181716631866394,0.11758301370226407,0.11878328093998275,0.16398615734543548,0.005023642784674011
0.5,0.8700000000000001,0.1,-0.3625825526176969,-0.02259801153570839,inf,-0.0026666829425584576,-2.075834143418831e-06,0.11800520317217654,0.11899464834355675,0.16385564401385191,0.004999999999951554
0.5133333333333333,0.8,0.10833333333333334,-0.3679704260194867,-0.0422872188490004,inf,-0.0050320183197076354,0.0012470777446867984,0.1189961992458292,0.12045364997258032,0.1672931575358158,0.005891342126777962
0.54,0.8,0.1,-0.36958144934317677,-0.03170428314467762,inf,-0.0038022191094337094,0.008700980510021416,0.1199276164700797,0.12126362018645986,0.1641973168736909,0.005029506952784384
0.5,0.8233333333333334,0.10833333333333334,-0.3704842507550383,-0.03536966546254626,inf,-0.004247109886063951,-7.629989844971874e-06,0.12007775110458176,0.12139064486101922,0.167069779698981,0.005868055555495593
0.5133333333333333,0.8700000000000001,0.1,-0.375425035348964,-0.023269207462532665,inf,-0.0028425245054846705,0.0009119485600206119,0.12215820027655058,0.12318740433692628,0.17275730060607072,0.0050087174788667
0.5266666666666666,0.8466666666666667,0.1,-0.3778281321617182,-0.026052091132245415,inf,-0.003199950013778869,0.004047093225184881,0.12282891217965224,0.12395192133331519,0.17258213010661724,0.005015998149351093
0.5,0.8933333333333334,0.1,-0.3794205411204935,-0.017311359886563637,inf,-0.002141382065606307,-6.425927511770624e-07,0.12369808493602859,0.12462991041472901,0.1728572490678902,0.00499999999995279
0.5133333333333333,0.8233333333333334,0.10833333333333334,-0.384137422165072,-0.03593621368972835,inf,-0.004473340838318887,0.0010970307234673556,0.12448002666450923,0.12584011351776653,0.17615149592868878,0.005887477745492113
0.54,0.8233333333333334,0.1,-0.3846937048305105,-0.026429055869277508,inf,-0.0033048353246202503,0.008678349208155084,0.1250455309855378,0.1262991065006934,0.17242896736614222,0.0050183527713019965
0.5266666666666666,0.8,0.10833333333333334,-0.38727542841676715,-0.03901545850287211,inf,-0.004891438262306239,0.004467359296054049,0.12537180005064294,0.12686972675337188,0.17615256100577736,0.005904586883439401
0.5,0.8466666666666667,0.10833333333333334,-0.3878877251312653,-0.02892121028831199,inf,-0.0036435432089948826,-5.120713970356406e-06,0.12598169899090833,0.12720152080505434,0.1763100079671461,0.005868055555497116
0.5133333333333333,0.8933333333333334,0.1,-0.3923379209888558,-0.01808484347704853,inf,-0.0023126380961332655,0.0007852581311806901,0.12787714193204017,0.12885357683603696,0.18224324588170598,0.005005221764163656
0.5,0.8,0.11666666666666667,-0.3931523784011793,-0.04373451685931088,inf,-0.005557790827805044,-1.2599231259329712e-05,0.12708019264700796,0.12870897286373123,0.17815197855390438,0.006805555555484587
0.5533333333333333,0.8,0.1,-0.39337922250054275,-0.02624569305416329,inf,-0.0033562047241370544,0.01380752381833286,0.12787639927095268,0.12927470490593845,0.17242396937805593,0.005014165094541435
0.5266666666666666,0.8700000000000001,0.1,-0.394310245122418,-0.020836949218784984,inf,-0.002675564574065932,0.003912274231233291,0.12840481329454168,0.12945765554302655,0.18189705050592797,0.005009231527637704
0.5,0.9166666666666667,0.1,-0.39696960802297554,-0.01235053546220019,inf,-0.0016009882489051801,3.789559720246416e-07,0.12962905566362962,0.13051485785488404,0.18240256193941762,0.004999999999953803
0.54,0.8466666666666667,0.1,-0.40092524921327233,-0.021243601314822978,inf,-0.0027731750577149167,0.00865489332021066,0.13054166365755981,0.1317167705315019,0.18147347510844913,0.005008441264638197
0.5133333333333333,0.8466666666666667,0.10833333333333334,-0.40154190375066084,-0.029618421989806427,inf,-0.003861854269657527,0.0009431600349094609,0.13038690146918142,0.13165639734017504,0.18588729416857044,0.0058828976044119135
0.5266666666666666,0.8233333333333334,0.10833333333333334,-0.4038084601227467,-0.03293839101166026,inf,-0.00431432590158729,0.0042945114976452176,0.1309816833511998,0.13237712692905831,0.18547806677652748,0.005895802990346583
0.5,0.8700000000000001,0.10833333333333334,-0.4063793612866934,-0.02267066478187311,inf,-0.0029983331372274956,-2.9862922612267082e-06,0.13225607480310356,0.13339156350704018,0.18633002023979026,0.005868055555498698
0.5133333333333333,0.8,0.11666666666666667,-0.4077321641826683,-0.04429888451886592,inf,-0.005837212476830202,0.0011861892755675853,0.13176883662486494,0.13345588819137805,0.18783365629153437,0.006832562466559056
0.5533333333333333,0.8233333333333334,0.1,-0.40948185059336717,-0.021052848838333128,inf,-0.002807102295827956,0.013997025904935597,0.13333598304837352,0.1346522808362293,0.18107745854536147,0.005001112194184271
0.5133333333333333,0.9166666666666667,0.1,-0.40998811418407005,-0.013216658719527449,inf,-0.0017689486536347694,0.0006592976228676832,0.13384234935424108,0.13478408830087218,0.1922992076105267,0.005002474359671217
0.54,0.8,0.10833333333333334,-0.4110282779303592,-0.03350099812292829,inf,-0.004465656919131133,0.009233111213151545,0.13329922000368133,0.13486258103829588,0.18524006123123543,0.00590268524319834
0.5,0.8233333333333334,0.11666666666666667,-0.4116332657476624,-0.03660805253715334,inf,-0.004882088027387806,-9.354153979984403e-06,0.13336104187549988,0.1348699492476899,0.18804648746839217,0.006805555555486013
0.5266666666666666,0.8933333333333334,0.1,-0.41166494594378855,-0.01588872577233967,inf,-0.0021334210146645703,0.0037793368472925125,0.13427263112430296,0.1352653950968945,0.19188284317362547,0.005004048151556004
0.5,0.9400000000000001,0.1,-0.415132044382312,-0.007732585558119513,inf,-0.0010498118986155141,9.70123335491735e-07,0.1357646663880972,0.1366172561111622,0.19243167499336133,0.004999999999954518
0.5666666666666667,0.8,0.1,-0.4174986379626615,-0.022208012527407745,inf,-0.0030179645858103314,0.01897820913006221,0.1358953027465086,0.13734792163319753,0.1808419739093076,0.004987880062577709
0.54,0.8700000000000001,0.1,-0.4181713017905961,-0.016260714575600424,inf,-0.002217607964580827,0.008633208735991047,0.13637826027082467,0.13748201104929836,0.19127109638241013,0.005000971492455974
0.5133333333333333,0.8700000000000001,0.10833333333333334,-0.42005983940553737,-0.02347307148671557,inf,-0.0032081278767459205,0.0007869884710208054,0.13667269230452178,0.13786457813402672,0.19644206264562303,0.0058782864856143915
0.5266666666666666,0.8466666666666667,0.10833333333333334,-0.4216147827841666,-0.0268884057075544,inf,-0.003684420049415528,0.004118078327287477,0.1370263484376233,0.13832440973073143,0.1957245813009773,0.005886831161391214
0.5,0.8933333333333334,0.10833333333333334,-0.42582788337609084,-0.016699032624258658,inf,-0.0023187517396290915,-1.2871864450829662e-06,0.13885545299556123,0.13991854445534033,0.1970627598556569,0.00586805555550015
0.5133333333333333,0.8233333333333334,0.11666666666666667,-0.4261584729064645,-0.03732836198843833,inf,-0.00515260959506327,0.0010052586254615222,0.13803470928242664,0.13960462264738865,0.1982551943683367,0.00682808069891393
0.5533333333333333,0.8466666666666667,0.1,-0.426733854280368,-0.015979956952876614,inf,-0.0022241465102442,0.014185762147293503,0.13918351074430288,0.14042178788044812,0.19058345111740985,0.004991300399417145
0.5133333333333333,0.9400000000000001,0.1,-0.428304367659649,-0.008686473691436785,inf,-0.001216356973362132,0.0005352234536495217,0.140028855962717,0.14095586668252577,0.20286203012630524,0.005000651162459695
0.54,0.8233333333333334,0.10833333333333334,-0.4283293459902076,-0.027657584738815525,inf,-0.0038492115697305405,0.009175922672850199,0.13917381456409084,0.14063312428203983,0.19504705468819167,0.00588959457187526
0.5266666666666666,0.8,0.11666666666666667,-0.4286106428484612,-0.04095236106340684,inf,-0.005678708615072386,0.004586971012708716,0.13866620794537338,0.14039718744203958,0.19778060176898654,0.006847923249432677
0.5266666666666666,0.9166666666666667,0.1,-0.4297884359751367,-0.011249827601994602,inf,-0.0015794352249383962,0.003650459334379022,0.1403963936885896,0.14134131048994503,0.2024649252309327,0.00500083012968944
0.5,0.8466666666666667,0.11666666666666667,-0.43152484278085806,-0.02950472381898348,inf,-0.004134437985693405,-6.438512993682366e-06,0.14012800157218513,0.1415229097967569,0.1989180360215265,0.006805555555487778
0.5,0.8,0.125,-0.4339969150221011,-0.0454302601800628,inf,-0.006369580675240842,-1.491332168667725e-05,0.1402056833924132,0.1420690442215634,0.19915367094359296,0.007812499999918531
0.5666666666666667,0.8233333333333334,0.1,-0.4347389486275581,-0.016934813427384225,inf,-0.0024005149872740154,0.019433611697427657,0.14175030611156855,0.14312228554770343,0.1899289700268931,0.004975475631233917
0.54,0.8933333333333334,0.1,-0.43632250731467637,-0.011547634973935444,inf,-0.0016457340032290746,0.008616106191713562,0.14251697485621223,0.1435593691969375,0.20177230114469702,0.004996584138022133
0.5533333333333333,0.8,0.10833333333333334,-0.4372207964141201,-0.027713578576793595,inf,-0.003936998225297545,0.014826118507612365,0.1420602617012533,0.14369910476890857,0.19455306953593443,0.005884679867899322
0.5133333333333333,0.8933333333333334,0.10833333333333334,-0.43956286848376397,-0.017588043619149122,inf,-0.0025202376571821666,0.0006298688925369618,0.14329266584478093,0.14443058539539436,0.2077442647112869,0.005874183875997624
0.5266666666666666,0.8700000000000001,0.10833333333333334,-0.4405698417011067,-0.021002794892006148,inf,-0.003013086811982975,0.003940447933648955,0.1434612311111881,0.1446709601353865,0.20683065136368323,0.005878889778963694
0.58,0.8,0.1,-0.4418053858890437,-0.020422928901662557,inf,-0.0029386700768324384,0.024119971998463142,0.14389072649580698,0.14538319799347899,0.18944886476458306,0.004956220874626224
0.5533333333333333,0.8700000000000001,0.1,-0.44502759659465574,-0.011128389807563747,inf,-0.0016178480414341231,0.014376487938857601,0.14538024542728578,0.14654778995533393,0.2008784781846911,0.00498571297611976
0.5133333333333333,0.8466666666666667,0.11666666666666667,-0.4460201149700672,-0.03034451639862106,inf,-0.004393750316165159,0.0008193297006434932,0.14479552939472198,0.14625985093212454,0.20970368135523362,0.006822768819317957
0.5,0.9166666666666667,0.10833333333333334,-0.4461094846479481,-0.011052747116347803,inf,-0.0016107972411331336,-6.227621767607162e-08,0.14573727455961147,0.14674187477358666,0.20842771588021336,0.005868055555501337
0.54,0.8466666666666667,0.10833333333333334,-0.44694305789387284,-0.021860369974362647,inf,-0.0031805939809414533,0.00911636462824994,0.14549588980751849,0.14685604340297956,0.20581977506384605,0.005877962317526773
0.5266666666666666,0.8233333333333334,0.11666666666666667,-0.44742140832173355,-0.034275070062665454,inf,-0.004972124654709311,0.004368990406103116,0.14506533890722106,0.14667032569042737,0.2087447516921801,0.006837736012472959
0.5266666666666666,0.9400000000000001,0.1,-0.4485838054976932,-0.006942589032384628,inf,-0.001018773796841054,0.0035278204563435624,0.1467426333445417,0.14765380228957747,0.21357769378757374,0.004999685211846217
0.5133333333333333,0.8,0.125,-0.4494683220407891,-0.04615698674632617,inf,-0.006700598022689969,0.0011022598133669135,0.14516974557970463,0.1471068555690572,0.2099558443939498,0.00784350283150912
0.5,0.8700000000000001,0.11666666666666667,-0.4526757223310602,-0.022575046200437945,inf,-0.0033259318948376504,-3.95051820066783e-06,0.1473278001430238,0.14861938168071898,0.2107027457287,0.006805555555489612
0.5666666666666667,0.8466666666666667,0.1,-0.4531681759899024,-0.011815153294342613,inf,-0.0017487180640795548,0.01989162438292646,0.14800637964781077,0.1493018723548732,0.19990903751342287,0.004968395916877094
0.54,0.8,0.11666666666666667,-0.45449366138455105,-0.035179970305419556,inf,-0.005182541590896906,0.009732530056511805,0.14731512124382104,0.14912354728302973,0.20799015984020047,0.006845717796845411
0.5,0.8233333333333334,0.125,-0.45493680835648975,-0.03769204058865398,inf,-0.005553499643240464,-1.1186178332707186e-05,0.14733878974204895,0.1490578185065551,0.2106518985417875,0.007812499999920167
0.54,0.9166666666666667,0.1,-0.45527453278259267,-0.007141295620675981,inf,-0.0010634935427495664,0.00860644193060817,0.14892165220978462,0.1499145805867871,0.2128969193184202,0.004995445203473438
0.5533333333333333,0.8233333333333334,0.10833333333333334,-0.45562889331063844,-0.02197291296414301,inf,-0.0032589786109159993,0.015002981968527123,0.14831800481958113,0.14985333295212402,0.20485536323626502,0.0058693608390079305
0.5133333333333333,0.9166666666666667,0.10833333333333334,-0.46002718164945,-0.012014243923448924,inf,-0.0018049814048779495,0.00047315556490408993,0.15023678696543347,0.15133000784245065,0.21971046358979346,0.005870959491558581
0.58,0.8233333333333334,0.1,-0.4601442759342102,-0.014997027505531038,inf,-0.0022514854992581428,0.024828598575569124,0.1501287837491646,0.15154034004125952,0.19898029394350056,0.0049471417706378005
0.5266666666666666,0.8933333333333334,0.10833333333333334,-0.46054387666311236,-0.015369011005523922,inf,-0.0023090544347351563,0.0037641407331781666,0.1502409253207794,0.15137504482665692,0.2187190834618066,0.005872806511201143
0.5666666666666667,0.8,0.10833333333333334,-0.46382355321593727,-0.023394290624616662,inf,-0.0035305665256086414,0.02050744913268091,0.15091573334109135,0.15262045633670854,0.20408836436496686,0.005853831462330784
0.5533333333333333,0.8933333333333334,0.1,-0.464251412396159,-0.006555612100189636,inf,-0.0009957130060340054,0.014572161552910537,0.15188711455413936,0.1529939551418969,0.2119087049805262,0.004984604697336035
0.54,0.8700000000000001,0.10833333333333334,-0.46674261868786865,-0.016238041588416022,inf,-0.002471753970351773,0.009057637244370411,0.1522199556450875,0.15349023059261696,0.21749179673132474,0.005869195709896249
0.5,0.9400000000000001,0.10833333333333334,-0.4671071083307572,-0.00575699108318544,inf,-0.0008800213712673135,6.672775266736153e-07,0.152861339986718,0.1538233944749356,0.22035042028187293,0.005868055555502178
0.5133333333333333,0.8700000000000001,0.11666666666666667,-0.4671754411960776,-0.02350409786511342,inf,-0.0035726444281227216,0.0006302087248536595,0.15200091697309998,0.15338543112406303,0.22211144251263926,0.006817421012901897
0.5266666666666666,0.8466666666666667,0.11666666666666667,-0.46770559077174234,-0.02757600529421025,inf,-0.004190782559087547,0.00414578018248099,0.1519720682664442,0.15345766626006854,0.2207864360672894,0.0068273308143945435
0.5133333333333333,0.8233333333333334,0.125,-0.47031628926794633,-0.03856664224784083,inf,-0.005872795433135869,0.0008875975698021392,0.15227655535567555,0.1540785120554663,0.22206233241162535,0.007838357945181807
0.5266666666666666,0.8,0.125,-0.4719387487153552,-0.04275384003688962,inf,-0.006524021895497986,0.0046727140056041635,0.1525949923999532,0.15457644826819153,0.2210572465468845,0.007861136383277309
0.5666666666666667,0.8700000000000001,0.1,-0.47266621834132433,-0.006942683318117442,inf,-0.0010734816478646014,0.0203520479470922,0.15462056940769173,0.15584728589040953,0.21071540269712805,0.0049670478702505926
0.54,0.8233333333333334,0.11666666666666667,-0.47414579372732923,-0.028764384051330704,inf,-0.004429865363438133,0.009635343866563418,0.15400522241439052,0.1556855464851675,0.21951276417759866,0.006830535716494384
0.54,0.9400000000000001,0.1,-0.4749286429284735,-0.0030594330622367876,inf,-0.00047592011365505635,0.008606975219347363,0.1555582697753503,0.1565155122914643,0.22457570772640809,0.004997362412453709
0.5,0.8933333333333334,0.11666666666666667,-0.4749312645594813,-0.015912863341881935,inf,-0.00246501340598585,-1.9581564189365963e-06,0.15490696759130998,0.15610981948701566,0.22330149399664587,0.006805555555491297
0.5533333333333333,0.8466666666666667,0.10833333333333334,-0.4753841969913987,-0.016312965926835506,inf,-0.0025290719811872538,0.015177409905846168,0.15503446721646277,0.15647131958150248,0.21616895673665318,0.005857845607649287
0.5,0.8,0.13333333333333333,-0.4768450987898026,-0.04697512658333463,inf,-0.0072328184634165285,-1.736150714884843e-05,0.1539712394512741,0.15608616628877428,0.22165599844658687,0.008888888888796194
0.5,0.8466666666666667,0.125,-0.4774931114805063,-0.02993414056690507,inf,-0.004640795960706958,-7.83202199026789e-06,0.15503354607206538,0.15661579100481554,0.22328091873321287,0.007812499999922195
0.58,0.8466666666666667,0.1,-0.4797348026648207,-0.009738746529230232,inf,-0.0015269328630434888,0.02555206988057359,0.15678946550877942,0.15812515384309717,0.20944697979328164,0.004945022977408152
0.5133333333333333,0.9400000000000001,0.10833333333333334,-0.48138177580117847,-0.00678617871335415,inf,-0.0010686853999430203,0.0003182366022076195,0.15747970177089687,0.15853496197338607,0.2322626374412695,0.005868819767053392
0.5266666666666666,0.9166666666666667,0.10833333333333334,-0.48141396362892697,-0.010040740081089183,inf,-0.0015796366423791097,0.0035917927365374,0.1573227301595239,0.15839676263955216,0.23130369589998853,0.005869029804982747
0.5533333333333333,0.8,0.11666666666666667,-0.4831485939191611,-0.029078816810548264,inf,-0.0045628547662194185,0.015820647093069597,0.15691335709932513,0.15881218998005403,0.2184590537317372,0.00682483582312584
0.5666666666666667,0.8233333333333334,0.10833333333333334,-0.4835089369598696,-0.01757919392985943,inf,-0.0027708159536539326,0.020980837978284744,0.1576190560676117,0.1592220355068495,0.21489953258426278,0.005839273483878694
0.5533333333333333,0.9166666666666667,0.1,-0.48429706339931594,-0.002290417953477269,inf,-0.0003634132198894251,0.014775729616512684,0.15866677055063164,0.15972512188590035,0.22359163097670726,0.004987683140869727
0.54,0.8933333333333334,0.10833333333333334,-0.4875995036805739,-0.01087055487725375,inf,-0.0017316894222904925,0.009003184554928602,0.1593009227076339,0.16049346212054197,0.22998435399284964,0.005864046661984308
0.5266666666666666,0.8700000000000001,0.11666666666666667,-0.48931478836343634,-0.02101031017270734,inf,-0.0033476460308693268,0.003920197633881514,0.15933348928936622,0.16071133477081676,0.23383458461955633,0.006818120690395763
0.5133333333333333,0.8933333333333334,0.11666666666666667,-0.4896259699078765,-0.016904097687118907,inf,-0.0026987101525981472,0.0004394997179455089,0.15964828188697652,0.16095496546455207,0.23537432687195964,0.006812662956778308
0.58,0.8,0.10833333333333334,-0.4907729507314772,-0.021445590730098905,inf,-0.0034266977981167574,0.02619744332554106,0.15978565669946243,0.1615376096613016,0.21384286492042914,0.005816675887582166
0.5133333333333333,0.8466666666666667,0.125,-0.4928132431734842,-0.030914054607338672,inf,-0.004944914152311996,0.000666632105357607,0.15995682918726958,0.16164921781487943,0.23535775296585817,0.007832260124217044
0.5666666666666667,0.8933333333333334,0.1,-0.49311216448187356,-0.0023657374947615244,inf,-0.00038218681408580134,0.020815824653323645,0.16155081235009436,0.1627191683540055,0.22228948439222054,0.004971051844728874
0.5266666666666666,0.8233333333333334,0.125,-0.49318570287992186,-0.03547442734584713,inf,-0.0056702723671166865,0.004404801343645659,0.1598411247582968,0.16167119251972287,0.23378887611453908,0.007849441851053142
0.5133333333333333,0.8,0.13333333333333333,-0.4931938746027298,-0.04786592595561107,inf,-0.00762046584576219,0.0009952070267836462,0.15920439631375988,0.16141603256679876,0.2336497412721171,0.008924163221628154
0.54,0.8466666666666667,0.11666666666666667,-0.4953158064648723,-0.022348091724816103,inf,-0.003602900044250483,0.009533986344637632,0.161217346367417,0.16277584643706478,0.23216418582379064,0.006817045054646434
0.5533333333333333,0.8700000000000001,0.10833333333333334,-0.49635769715526834,-0.010849564322562658,inf,-0.0017594019729215422,0.015352876080608617,0.1621633754696219,0.16351103936162276,0.22842361043175113,0.005851288145584997
0.5,0.9166666666666667,0.11666666666666667,-0.4981447779102548,-0.009574898291747121,inf,-0.0015589373496686441,-5.049085012700516e-07,0.16281502969199546,0.16394672547098707,0.2366231955868436,0.006805555555492674
0.54,0.8,0.125,-0.4999985255746054,-0.036741473169915384,inf,-0.005951480735291681,0.01019865121835977,0.161982637652234,0.16405435518617634,0.23245660660683168,0.007858604613725602
0.5,0.8233333333333334,0.13333333333333333,-0.5004073689401513,-0.038629237129808196,inf,-0.0062585546636396445,-1.3118575568114466e-05,0.16201600468082347,0.16396022096861954,0.23486677496673194,0.008888888888798057
0.58,0.8700000000000001,0.1,-0.5004434128422971,-0.0047405823413356075,inf,-0.0007766267353346172,0.026286056599066868,0.16382517577277458,0.16509312460142048,0.22077847836670986,0.0049494425714797455
0.5,0.8700000000000001,0.125,-0.5014886988647163,-0.022324188430875944,inf,-0.0036439280241218628,-4.960343824649271e-06,0.16322779371822765,0.16468633245825426,0.23695066387921118,0.0078124999999243
0.5266666666666666,0.9400000000000001,0.10833333333333334,-0.5030664612053296,-0.005049849824465784,inf,-0.0008315445592347115,0.003426041605087974,0.16466718578560488,0.16569919211365394,0.2445018737841052,0.005867686116680631
0.5533333333333333,0.8233333333333334,0.11666666666666667,-0.5040290921227853,-0.02278688705518918,inf,-0.0037377320383381236,0.01597994015598825,0.16402995412604826,0.16580152543252125,0.23055608773464686,0.006807069375417479
0.5533333333333333,0.9400000000000001,0.1,-0.5042398413202465,0.0016561954649206,603.7934659167427,0.0002744057760111429,0.01498996809230814,0.16568441456534133,0.16670825914006773,0.23585341000795476,0.0049942976554563446
0.5666666666666667,0.8466666666666667,0.10833333333333334,-0.5045879948822968,-0.011883452635401056,inf,-0.0019583526382804415,0.02145585145259813,0.1647966040144316,0.16630313756030318,0.2267697347611201,0.005830964652446033
0.54,0.9166666666666667,0.10833333333333334,-0.5093887380941021,-0.005805521031983902,inf,-0.000967753678075149,0.008956504999713573,0.16669540472656624,0.1678251790392275,0.24320464772850875,0.005862709995743131
0.58,0.8233333333333334,0.10833333333333334,-0.5116905859654513,-0.01547630309514417,inf,-0.0025833109821588006,0.02695280941144926,0.16692041802730898,0.16857026997735766,0.2251767096640444,0.005806020550262421
0.5266666666666666,0.8933333333333334,0.11666666666666667,-0.512096125976197,-0.014679821766417335,inf,-0.002452941349113087,0.003695242259751083,0.16709612610724064,0.16838248693228064,0.24777934124145884,0.006811065539617893
0.5666666666666667,0.8,0.11666666666666667,-0.5123128708328738,-0.024486372847875047,inf,-0.004080253560648879,0.0220245194074049,0.16663364500728686,0.16861130450361816,0.2291842931353778,0.0067890589740641025
0.5133333333333333,0.9166666666666667,0.11666666666666667,-0.5132611549352805,-0.010615488619257532,inf,-0.0017802033509869118,0.0002488028322413669,0.16769867265058805,0.16893395009727205,0.24939718599685443,0.006808923433996933
0.5666666666666667,0.9166666666666667,0.1,-0.5134300942904612,0.0018956575398864917,527.5214425385495,0.00031990601917230866,0.02128449233156158,0.16875728471054113,0.16987998855610892,0.23454646225545342,0.004979518594726697
0.5266666666666666,0.8466666666666667,0.125,-0.5161183777301915,-0.028121822461903433,inf,-0.004715274516408032,0.004129801165811401,0.16767314859468313,0.16936013931957314,0.24776817326523856,0.007837497108361083
0.5133333333333333,0.8233333333333334,0.13333333333333333,-0.5166223507148199,-0.039657668536799834,inf,-0.0066311676377575545,0.0007439551340403909,0.1672102239596926,0.1692794165005036,0.24755696386619594,0.008918309484295743
0.5133333333333333,0.8700000000000001,0.125,-0.5169758829374851,-0.023366236627560714,inf,-0.003930472283939281,0.000441476083449686,0.16821161005034285,0.1697924627025526,0.24974674245868878,0.007826121060729219
0.5266666666666666,0.8,0.13333333333333333,-0.5172727364353883,-0.044422024928063755,inf,-0.007425717050690509,0.004724292652420473,0.16716295717531077,0.16941351360208415,0.24597687921372113,0.008944226284973293
0.54,0.8700000000000001,0.11666666666666667,-0.5178530445738438,-0.016076361337659436,inf,-0.0027152594010229018,0.009432312054890616,0.1688976344828921,0.17034591585380304,0.24587019962289863,0.006806877864731742
0.5533333333333333,0.8933333333333334,0.10833333333333334,-0.518416949619053,-0.005651761620658534,inf,-0.0009588687612104836,0.015533084780374622,0.16965838716650575,0.1709292959376537,0.24153674351288865,0.0058499874572902075
0.5,0.8,0.14166666666666666,-0.5217039342396974,-0.04837506116443091,inf,-0.008145385639363126,-1.99363291765593e-05,0.1683798520001096,0.17076454146205478,0.24563768383120047,0.01003472222211758
0.58,0.8933333333333334,0.1,-0.5221336523404722,-4.824904450773825e-05,inf,-8.259688953660138e-06,0.02702783773894178,0.1711886533283667,0.17240019757344696,0.23291323781618856,0.004959274223261708
0.54,0.8233333333333334,0.125,-0.5221620578383376,-0.02975188755524891,inf,-0.005044337140663544,0.010055949582224428,0.16954679367136852,0.1714642421760054,0.24583023517829672,0.00784117620515937
0.5,0.9400000000000001,0.11666666666666667,-0.5221835401702102,-0.003594780731860348,inf,-0.0006147296755100555,3.8553741836722113e-07,0.17100616737531152,0.17208539626503092,0.2505786483829823,0.006805555555493648
0.5,0.8466666666666667,0.13333333333333333,-0.5258042130521839,-0.03021918092352336,inf,-0.005158520128366565,-9.293896747948337e-06,0.17070350587666144,0.17248613679790514,0.24937115010085784,0.008888888888800362
0.5533333333333333,0.8466666666666667,0.11666666666666667,-0.5264675976486136,-0.016533033670435984,inf,-0.002838419290693189,0.016134837631138602,0.17168169782226897,0.17333225110722256,0.24383444183785755,0.006793714432540001
0.5,0.8933333333333334,0.125,-0.5267428136841596,-0.01496929160468394,inf,-0.00257260873716019,-2.6465638315755767e-06,0.17185908358918017,0.173211843112125,0.2515439267803821,0.0078124999999262335
0.5666666666666667,0.8700000000000001,0.10833333333333334,-0.5269181310845089,-0.0064142147190702735,inf,-0.0011057945012397175,0.021932609831607712,0.17239748740435057,0.1738171888250658,0.23962222053192905,0.005829382569946876
0.5533333333333333,0.8,0.125,-0.5311824968438,-0.030340536919510143,inf,-0.005232006644500429,0.016790326296715733,0.17244278367190152,0.1746217351355888,0.24415104857225026,0.007834632960220992
0.54,0.9400000000000001,0.10833333333333334,-0.5319948886289644,-0.0010698294400799224,inf,-0.00018653909141494562,0.008920991930742403,0.1743633932909998,0.17544740187211683,0.2570673004924273,0.0058649600535047005
0.5666666666666667,0.9400000000000001,0.1,-0.5333054897697813,0.005837895306136476,171.29461005387589,0.0010286565152894296,0.021759777859710703,0.17620331666588165,0.17729478639485174,0.24740750232820438,0.004991295115142586
0.58,0.8466666666666667,0.10833333333333334,-0.5340758328978622,-0.009643227431277058,inf,-0.0016832729633339209,0.02772450829218002,0.1745549376834519,0.17610922985060362,0.23761769522371587,0.005803533910985956
0.5666666666666667,0.8233333333333334,0.11666666666666667,-0.534617545435937,-0.01812725999393895,inf,-0.0031586536092566924,0.022512189018913005,0.1742488169923542,0.17610137095320857,0.2418709831729294,0.006772175164735053
0.5266666666666666,0.9166666666666667,0.11666666666666667,-0.5359062642108732,-0.008650160885138793,inf,-0.0015155951681104444,0.003474041790844268,0.17521005542385662,0.17642536665224157,0.26252159296830163,0.0068066854542995145
0.5133333333333333,0.9400000000000001,0.11666666666666667,-0.5379149909435632,-0.004685804619383966,inf,-0.0008251469089186072,5.975498237231136e-05,0.17609503083103104,0.17727558772851273,0.26408660905332665,0.006806441860014584
0.5133333333333333,0.8,0.14166666666666666,-0.5389173069607565,-0.04943065785470307,inf,-0.00859481625918793,0.0008649701748289544,0.17387622645953069,0.1763955225581832,0.2588973188084115,0.01007454363691616
0.5266666666666666,0.8700000000000001,0.125,-0.5405602357760562,-0.02086979231505771,inf,-0.003673675739250458,0.0038510764999091264,0.17602838033993629,0.17758758965450674,0.2628951701777753,0.007826924261933911
0.5266666666666666,0.8233333333333334,0.13333333333333333,-0.5411136122041108,-0.03654043750423074,inf,-0.006406048626215595,0.004401607000197743,0.17531395527144106,0.17738589774342065,0.26059817881381725,0.00893092050608713
0.5533333333333333,0.9166666666666667,0.10833333333333334,-0.5414333779337505,-0.0007580255980920922,inf,-0.00013453061720776472,0.015721729516703833,0.17747503190706318,0.17868453585954464,0.25541043985515177,0.005853600352826278
0.54,0.8933333333333334,0.11666666666666667,-0.5416050269837457,-0.010042734843788564,inf,-0.0017774901030388301,0.009334449015591943,0.17699263504285473,0.17834605956684527,0.2605158125328337,0.006800906187863457
0.58,0.8,0.11666666666666667,-0.5420036012934768,-0.022368125236182222,inf,-0.003946012957435655,0.02828044876684788,0.17641232404460364,0.1784449997495775,0.24016143733730316,0.0067459673015745816
0.5133333333333333,0.8466666666666667,0.13333333333333333,-0.5420992862473749,-0.0313262968556569,inf,-0.005511251172442937,0.0004849642402873684,0.17593050330325638,0.17785858192987722,0.262824255091769,0.008911371519109167
0.58,0.9166666666666667,0.1,-0.54236030794595,0.004321564923313031,231.3976575025911,0.0007728541113080458,0.027775922930205487,0.1788366309479286,0.18000481480960132,0.2457593148226723,0.00497303282297475
0.5133333333333333,0.8933333333333334,0.125,-0.5426862957118954,-0.016047316234047714,inf,-0.0028403536230710734,0.00021400351109360826,0.17699866953731946,0.1784700873934103,0.2651068700123309,0.007820659006505712
0.54,0.8466666666666667,0.125,-0.5460593253642044,-0.0227118613537262,inf,-0.0040361817990695655,0.009907011520724013,0.17771250608692946,0.17948392326865853,0.26051106136417046,0.007825689475997181
0.54,0.8,0.13333333333333333,-0.5475533826210958,-0.038186600546793854,inf,-0.006770705596771705,0.010630909040499589,0.17730579574568003,0.17966055889809124,0.2586361004116044,0.008941345693838905
0.5,0.8233333333333334,0.14166666666666666,-0.5480515859667665,-0.03942689993853216,inf,-0.006994169385103586,-1.5144297884603475e-05,0.1773958742890698,0.17958137382561284,0.2606674894788861,0.010034722222119683
0.5533333333333333,0.8700000000000001,0.11666666666666667,-0.5503101384051443,-0.01044830733114454,inf,-0.001878747450080521,0.01628959594041239,0.17981357080493893,0.18135483246536235,0.2582156186218953,0.0067861093286074505
0.5666666666666667,0.8933333333333334,0.10833333333333334,-0.55035519980384,-0.0012302466585721826,inf,-0.00022190152523821104,0.022412552356640178,0.18037157320609892,0.18171751612790235,0.25337333938726175,0.005834081678883192
0.5,0.8700000000000001,0.13333333333333333,-0.5528268268206056,-0.021930282994696196,inf,-0.003946589812388889,-6.008165773792485e-06,0.17996073344531693,0.18159823633629976,0.2650456512673075,0.008888888888802758
0.5,0.9166666666666667,0.125,-0.5530855856065596,-0.007936840317061619,inf,-0.0014355273518901806,-9.387779518732486e-07,0.180868871558908,0.18213727124747556,0.26695459036843155,0.007812499999927814
0.5533333333333333,0.8233333333333334,0.125,-0.5547012194497488,-0.023495801405286735,inf,-0.004240496988966947,0.0169270035608464,0.18047892539697766,0.1825046226753899,0.25818359030579013,0.007814237803412925
0.58,0.8700000000000001,0.10833333333333334,-0.5577707098615075,-0.004052083495679777,inf,-0.0007400441858923541,0.02850790091518025,0.18263300513954595,0.18410199080431686,0.2510858036598148,0.005808720795694979
0.5666666666666667,0.8466666666666667,0.11666666666666667,-0.5585334545325734,-0.011850016122991074,inf,-0.002161644236846588,0.023000257030764033,0.1824169869822055,0.18415122737950396,0.25579379213578235,0.006762538886860486
0.5266666666666666,0.9400000000000001,0.11666666666666667,-0.5606127746346916,-0.0029634098475508457,inf,-0.0005441681389487095,0.003259731424265638,0.18362905131007962,0.1848006630896799,0.27796347747416555,0.006805127093901795
0.5666666666666667,0.8,0.125,-0.5629856707261292,-0.02548307251234291,inf,-0.004664829664890435,0.023528525642013718,0.1830560134627012,0.18532826126636864,0.25613690739673484,0.007793562597777671
0.5533333333333333,0.9400000000000001,0.10833333333333334,-0.5631670285811458,0.0038123588715483427,262.30479178206593,0.000707469945859889,0.015922309121537474,0.18557275684084765,0.18673778994511167,0.26995520798482064,0.005861363220639739
0.58,0.9400000000000001,0.1,-0.5632708693114905,0.008368595153391806,119.4943693260987,0.0015626540138338762,0.028529651639994665,0.18672835585797576,0.18786870859599253,0.2592361213061458,0.004989144836416493
0.5266666666666666,0.8,0.14166666666666666,-0.5646194619365704,-0.045958960037168255,inf,-0.00838167547512928,0.004741412417257535,0.1823730447414561,0.1849127194608479,0.2725229879129085,0.010097192954520632
0.5133333333333333,0.8233333333333334,0.14166666666666666,-0.5651978057359481,-0.04059966485865445,inf,-0.0074247214068651705,0.0005742621331749689,0.1828764210915026,0.18523298639596744,0.2747176176287921,0.010067935316255742
0.58,0.8233333333333334,0.11666666666666667,-0.5656790304537529,-0.015854881827520588,inf,-0.002925374659222125,0.029079981891737324,0.1845093953424691,0.1864171118799805,0.2534539774050249,0.006733609632257007
0.5266666666666666,0.8933333333333334,0.125,-0.5663332268589435,-0.01383515435807849,inf,-0.0025573528655929876,0.003572140369775582,0.18484454885027884,0.18629824619377103,0.27904097726167754,0.007818825236806255
0.54,0.9166666666666667,0.11666666666666667,-0.5664271272123558,-0.004306174522596741,inf,-0.0007985885909066592,0.009244591189687668,0.18545197987588494,0.18672881614639417,0.27599602768563747,0.006799355971394401
0.5266666666666666,0.8466666666666667,0.13333333333333333,-0.566862171597961,-0.02853230336556682,inf,-0.00525376440871357,0.004069760014803194,0.1841339039964746,0.1860383893646259,0.2766474621037153,0.00891733004329083
0.5,0.8,0.15,-0.5685771283259192,-0.0496378101180166,inf,-0.00910523269562729,-2.2630667221164914e-05,0.1834334084033744,0.1861070074645375,0.27107744476118684,0.011249999999882682
0.5133333333333333,0.8700000000000001,0.13333333333333333,-0.569565375963123,-0.023069942260866328,inf,-0.004275802563605451,0.00022067669237036113,0.1853408437375467,0.18711861296883434,0.27932165993316377,0.008904386629096355
0.5133333333333333,0.9166666666666667,0.125,-0.5697371422802382,-0.009044343496476941,inf,-0.0016844798044326108,-1.3922751190136751e-05,0.18624677458223135,0.18762645916136136,0.28132668758411955,0.007816366186986274
0.54,0.8700000000000001,0.125,-0.5715154195301413,-0.015783854692508936,inf,-0.0029423849703510137,0.009756393933084254,0.18641738838025912,0.18805655717095238,0.27639488178377647,0.00781401795696246
0.54,0.8233333333333334,0.13333333333333333,-0.572387949192086,-0.030622857921731552,inf,-0.005689808734343255,0.010437099667691286,0.1858026690025386,0.18797467106973723,0.2739898193129265,0.008921516037870217
0.5666666666666667,0.9166666666666667,0.10833333333333334,-0.5727020929786372,0.003639952735098408,274.7288420416713,0.0006867565887964325,0.02289780663688234,0.1886718424045321,0.1899598572837066,0.2679185292785705,0.005844018350755638
0.5533333333333333,0.8933333333333334,0.11666666666666667,-0.5754004139721918,-0.004614113285398199,inf,-0.0008691646787676109,0.016448732130218104,0.18837090140768004,0.18981849128142214,0.27358031187675885,0.006784600838040712
0.5,0.8466666666666667,0.14166666666666666,-0.5764605912886189,-0.030368941825403686,inf,-0.005683247199313618,-1.0817269103668536e-05,0.1871401128161657,0.18913800555535512,0.27716133579135765,0.010034722222122285
0.5533333333333333,0.8466666666666667,0.125,-0.5799995356576789,-0.016643664819676968,inf,-0.0031478446543355787,0.01705702679728411,0.1891317019683093,0.19101217109913654,0.2735843546333036,0.0077989068740892875
0.5,0.9400000000000001,0.125,-0.5803636049871058,-0.0012693601497957448,inf,-0.0002414373644568255,1.3688826278723808e-07,0.19020398938447505,0.19141077564163475,0.2830778201595328,0.007812499999928934
0.5,0.8933333333333334,0.13333333333333333,-0.5812669553499192,-0.01388315506915206,inf,-0.002633853469361393,-3.344091554509987e-06,0.18971577110837964,0.19123018488683516,0.28175884679941715,0.008888888888804956
0.5533333333333333,0.8,0.13333333333333333,-0.5813331970473897,-0.031498491303424574,inf,-0.005942277337881771,0.01773438142588314,0.1886527605604944,0.1911331692322091,0.2716265087626746,0.008914071279184772
0.58,0.8933333333333334,0.10833333333333334,-0.5819028338589814,0.001241486712070745,805.4858664834553,0.0002372468167324766,0.0293002017249186,0.19109895774620045,0.19249642285033644,0.26549118866973714,0.0058202593314668665
0.5666666666666667,0.8700000000000001,0.11666666666666667,-0.5838918251505668,-0.005775941019424979,inf,-0.0011036557682527542,0.023489204971739924,0.19107808832207018,0.19270616232172438,0.2708679299821896,0.006760704045618862
0.5133333333333333,0.8,0.15,-0.5866771162602216,-0.05088106273316585,inf,-0.009626539861621857,0.0007115284240725827,0.18919691029462285,0.19206322307410773,0.2856769859085376,0.011294644077373133
0.5666666666666667,0.8233333333333334,0.125,-0.5880814678453234,-0.01857943819455608,inf,-0.0035606779962081116,0.024026633385008787,0.1916461606062673,0.193768045362184,0.27084620149433886,0.007774180673802995
0.58,0.8466666666666667,0.11666666666666667,-0.5910543347736559,-0.009443017571114817,inf,-0.0018242982257542497,0.02989730259524564,0.19319017591734483,0.19498045697492114,0.26803790266176625,0.006730725719249984
0.5266666666666666,0.8233333333333334,0.14166666666666666,-0.591210451934993,-0.037478102666266534,inf,-0.007176551631525712,0.004359072205630184,0.1914865246896614,0.19381915686114834,0.28915262458463264,0.010082171977574923
0.54,0.9400000000000001,0.11666666666666667,-0.5915462310329123,0.0010965662422123222,911.9376117055182,0.00021298486416629857,0.009166822684366381,0.19422890835723852,0.1954498027409691,0.29220891981291064,0.0068019655058397695
0.5266666666666666,0.9166666666666667,0.125,-0.5932760844986446,-0.007095990009829291,inf,-0.0013770850449021995,0.0032966476312240047,0.19406524572253847,0.19544663312312865,0.2960897920582681,0.00781379707763975
0.5133333333333333,0.8466666666666667,0.14166666666666666,-0.5939685859638767,-0.03158750227271061,inf,-0.006088415157841682,0.00027424794146962484,0.19274759698558525,0.19491461001367372,0.2920770274690166,0.010060103003994335
0.5266666666666666,0.8700000000000001,0.13333333333333333,-0.5943113373059855,-0.020590526720753746,inf,-0.003985286662209085,0.00373265766481326,0.1935495248012382,0.19530823565944153,0.29398762325523675,0.008905300493578138
0.5666666666666667,0.9400000000000001,0.10833333333333334,-0.5951697862849976,0.008185518630069345,122.16696891098864,0.0016146360351064985,0.02339071687280365,0.19725519030341757,0.19850305072979205,0.28316431053147584,0.005857839405965952
0.58,0.8,0.125,-0.5955125638801674,-0.02318998997692096,inf,-0.004493679347047233,0.030367901538975013,0.193776683453482,0.19611306364954822,0.2684101638788302,0.007744095116603473
0.54,0.8,0.14166666666666666,-0.5971700788548983,-0.03953361296155528,inf,-0.007641376896055401,0.01102875857655684,0.1932880990028993,0.19594604673211785,0.2865159334805438,0.010093941037185328
0.5,0.8233333333333334,0.15,-0.5978720147551007,-0.04009612826190374,inf,-0.00775780169703236,-1.725667578926959e-05,0.19348006985510435,0.19592401252821248,0.28803733441260104,0.011249999999885041
0.5133333333333333,0.9400000000000001,0.125,-0.5979354728104481,-0.0024139581913148766,inf,-0.000472868769517679,-0.0002404007894462552,0.19588937837407558,0.19720114963755392,0.29829685274699463,0.007813517441343272
0.54,0.8933333333333334,0.125,-0.5983490118309209,-0.009075706854915851,inf,-0.0017751898771701654,0.009608957559840377,0.19559797441106583,0.19712430188080252,0.29334681859518763,0.007807162715659581
0.5133333333333333,0.8933333333333334,0.13333333333333333,-0.5987713703641261,-0.015035704488888257,inf,-0.002937306527299641,-4.674504948530966e-05,0.19535543076617262,0.19699772902034693,0.29691176086301035,0.008898172025179832
0.54,0.8466666666666667,0.13333333333333333,-0.5991835415964892,-0.02295644936955772,inf,-0.0044761866503360516,0.010234717317909741,0.19498601801513218,0.19698549261572382,0.29083997064078587,0.008903895581579014
0.5533333333333333,0.9166666666666667,0.11666666666666667,-0.6010444803077644,0.000920718691612764,1086.1080687396104,0.00018165964499431819,0.016616755574633133,0.19730200619270216,0.19867466600630376,0.2898181002440011,0.00678879094173935
0.58,0.9166666666666667,0.10833333333333334,-0.6047290339803874,0.00621289050542766,160.95567741398102,0.0012419606345280942,0.030100044297338882,0.19990061525196712,0.2012435817940891,0.2807257317027687,0.005836406576963421
0.5,0.8700000000000001,0.14166666666666666,-0.6066905743390062,-0.021404284333828724,inf,-0.004227961008598543,-7.086857209074537e-06,0.19752872568210084,0.19935889507177698,0.2949582655954689,0.010034722222124991
0.5533333333333333,0.8700000000000001,0.125,-0.6068961126148349,-0.009931040509439161,inf,-0.001969688139898617,0.01718549628842105,0.1983365326147332,0.2000864378665048,0.29024451234434123,0.007790176525187125
0.5533333333333333,0.8233333333333334,0.13333333333333333,-0.6076535866702103,-0.02410104626355121,inf,-0.004764022712380288,0.017843287360349493,0.19766870949437051,0.19996790306314682,0.28773123731930705,0.008890866122994258
0.5666666666666667,0.8933333333333334,0.11666666666666667,-0.61050848863897,2.5134238593466206e-05,39786.365370938904,5.031203881542101e-06,0.023981025599720047,0.20017331588672005,0.20171144303072822,0.28697050219180203,0.006766153899769856
0.5,0.9166666666666667,0.13333333333333333,-0.6109318048369837,-0.0061561095693286735,inf,-0.0012306187888072855,-1.3542489265034873e-06,0.19990202821251685,0.2013187523396893,0.2993873160018048,0.008888888888806758
0.5266666666666666,0.8,0.15,-0.6139946059371153,-0.04742992601672122,inf,-0.009401897518215581,0.004723795731087904,0.19822711751439337,0.20107796328135502,0.30067835276506155,0.011320036391919324
0.5666666666666667,0.8466666666666667,0.125,-0.6150181693715007,-0.011717396846124082,inf,-0.0023537155863979984,0.024523661225744994,0.2008735914049517,0.20285368557844038,0.28698462882292064,0.007763118620120457
0.5666666666666667,0.8,0.13333333333333333,-0.6158532791811963,-0.02638921601272754,inf,-0.005282779282890306,0.0250185657310072,0.20018704914698554,0.20277679176565352,0.28494463622840804,0.00886734233347148
0.5133333333333333,0.8233333333333334,0.15,-0.6161641836672186,-0.04142328925779455,inf,-0.008256244720362405,0.00037848942952709307,0.19931407834323153,0.2019621395602376,0.30352725041698697,0.011287235441061801
0.58,0.8700000000000001,0.11666666666666667,-0.6179398766806764,-0.003252258327424642,inf,-0.000658216203492928,0.03072746015491358,0.20238742966465031,0.20407352717528784,0.2838233998553493,0.006736741277847431
0.5266666666666666,0.8466666666666667,0.14166666666666666,-0.619939638274972,-0.028815983305919033,inf,-0.005802285802098244,0.003965280927029639,0.2013565090074996,0.2034988251929091,0.3073988815890815,0.010066829619183792
0.5266666666666666,0.9400000000000001,0.125,-0.6213597327854542,-0.0007050717598638689,inf,-0.00014360719571323698,0.0030282646554755247,0.20367741822614455,0.20500324956784,0.31392634649653806,0.007812008143509714
0.58,0.8233333333333334,0.125,-0.6221259377817436,-0.016133733411860942,inf,-0.003273573464653044,0.031208885007551857,0.20290241453019364,0.20508849154812556,0.283813692695664,0.007729909016621564
0.5266666666666666,0.8933333333333334,0.13333333333333333,-0.6232679458581813,-0.012847126198617364,inf,-0.0026143002331073,0.003394359774713422,0.20349299856559802,0.2051419567326004,0.3124750753891885,0.008896085602766227
0.54,0.8233333333333334,0.14166666666666666,-0.6248325565350381,-0.03139966620376547,inf,-0.006367085037241067,0.010778174937150994,0.20277556442550723,0.2052205154167762,0.30397438868472887,0.010071555214626927
0.5533333333333333,0.9400000000000001,0.11666666666666667,-0.6249430126723835,0.006127949389095637,163.1867263426567,0.0012657855183940971,0.016797960995132213,0.20655939499867537,0.2078778792567144,0.306821456699021,0.006797794031037801
0.5133333333333333,0.8700000000000001,0.14166666666666666,-0.6249648859515589,-0.022628696740088477,inf,-0.004602619539551244,-3.2277102571185875e-05,0.20339746439737952,0.20538082156869786,0.3108070963176853,0.010052217718003308
0.54,0.9166666666666667,0.125,-0.6263940563818416,-0.002658412834843525,inf,-0.0005454963425170094,0.009469644234759387,0.20519624919322116,0.20663219363074906,0.3112442121042411,0.007805383130427246
0.54,0.8700000000000001,0.13333333333333333,-0.6277329742689586,-0.015367815423755038,inf,-0.0031470561005536445,0.0100290679485215,0.20478226825193604,0.20662703471028432,0.30904374706368,0.008890615986588397
0.58,0.9400000000000001,0.10833333333333334,-0.6283495199225303,0.010855236943441201,92.12143458593098,0.002268652446376236,0.030907013979687613,0.20899151793706072,0.21029846441460187,0.29669060656652807,0.005855315814961022
0.5,0.8466666666666667,0.15,-0.6294651425319586,-0.03039776360071668,inf,-0.006211643451919514,-1.2395628587611896e-05,0.20434540953443905,0.2065738807682688,0.3066251411176088,0.011249999999887959
0.5133333333333333,0.9166666666666667,0.13333333333333333,-0.6294783253358947,-0.00732219240811232,inf,-0.0015075811853559732,-0.0003151589689261698,0.2058920472624717,0.2074246062095194,0.31546463523313345,0.008893287750526608
0.5533333333333333,0.8,0.14166666666666666,-0.6336155006487179,-0.0325971766673295,inf,-0.006700219078294982,0.018652049639177208,0.2055459939575157,0.2083505430497595,0.3008766019919743,0.010063150780017186
0.5666666666666667,0.9166666666666667,0.11666666666666667,-0.6348002931231957,0.005515546977858917,181.30568083533765,0.0011563219113356045,0.024478502073446862,0.20964773139952073,0.21111544251317677,0.3039849814882133,0.006777678087266892
0.5533333333333333,0.8933333333333334,0.125,-0.635209154312627,-0.0034522905203257515,inf,-0.0007181794025948028,0.017317806775015442,0.20802982783935484,0.20966837649657105,0.30802209132887987,0.007788444839587553
0.5533333333333333,0.8466666666666667,0.13333333333333333,-0.6359856885531205,-0.01664830086530454,inf,-0.0034526558151688346,0.017942973258634424,0.20738787958621366,0.2095160546710765,0.30540169400777367,0.008873422932297145
0.5,0.8933333333333334,0.14166666666666666,-0.6385023286029886,-0.012667372300303303,inf,-0.0026408831674560275,-4.042859139531174e-06,0.2084791624378795,0.21016832910129704,0.31391463985082707,0.010034722222127474
0.5,0.9400000000000001,0.13333333333333333,-0.6408848962965309,0.0011990457581490227,833.9965286593472,0.00025234774502923106,-6.702547577219775e-08,0.21045714336939272,0.21180436765719082,0.31781210629306883,0.00888888888880803
0.5266666666666666,0.8233333333333334,0.15,-0.6434890245828273,-0.0383527912047273,inf,-0.007991185551289174,0.004276890698070489,0.2083599472234551,0.21097590802225255,0.319438740186768,0.011303196265516522
0.5666666666666667,0.8700000000000001,0.125,-0.6435974710143835,-0.00503295797531612,inf,-0.0010602828411978456,0.025020493533108704,0.21066793054858546,0.2125213853413249,0.30444059081137775,0.00776101229726655
0.5666666666666667,0.8233333333333334,0.13333333333333333,-0.6439103195856806,-0.018944003950096086,inf,-0.003974735160380307,0.02552313545485872,0.2098149457132132,0.21222734403015892,0.3018193105234691,0.008845290011082519
0.58,0.8933333333333334,0.11666666666666667,-0.6444605778254209,0.002651171237336953,377.19178071820045,0.0005621431799501984,0.03156762162264191,0.2120357870640071,0.21363531730067364,0.30068312705443334,0.006750123248328435
0.5133333333333333,0.8466666666666667,0.15,-0.6484462405490218,-0.03174023387792182,inf,-0.006678640563544792,3.444485944652342e-05,0.21041560655261543,0.2128317906432475,0.32308904543817174,0.01127845457887254
0.54,0.8,0.15,-0.6488604313811763,-0.04083900423786321,inf,-0.008573340077119827,0.011391674407204675,0.20993019387018244,0.21291364921831563,0.3160810254056338,0.011316390643764863
0.5266666666666666,0.8700000000000001,0.14166666666666666,-0.6505752125644381,-0.020184418922580848,inf,-0.004277098974939079,0.0035645243191719657,0.21190102084901608,0.21388983064233472,0.3270836389529213,0.010053249385328446
0.58,0.8466666666666667,0.125,-0.6506810601102326,-0.00914121500927115,inf,-0.0019443415831034447,0.032069059587141194,0.21270056345151778,0.2147462244211185,0.3007097171733352,0.007726598402200239
0.58,0.8,0.13333333333333333,-0.6513163966687361,-0.023934695202304603,inf,-0.005071369752539118,0.032458709794952655,0.21188361538235967,0.21454735000200026,0.2985886397603966,0.00881105933266884
0.54,0.9400000000000001,0.125,-0.6532896180108195,0.003420794528531388,292.3297472734555,0.0007360132956908441,0.009343285719926911,0.21515858071920752,0.2165289142716129,0.3299674083621891,0.00780837876945892
0.5266666666666666,0.9166666666666667,0.13333333333333333,-0.6537147134032772,-0.005392235246983988,inf,-0.0011536926350800404,0.0030590814280033528,0.21395443303875317,0.21550722642253312,0.33197338876624183,0.008890364675003447
0.54,0.8466666666666667,0.14166666666666666,-0.6546914360440763,-0.023108003482593016,inf,-0.0049229027964477244,0.010516402001643627,0.21303886335987826,0.215283888171585,0.3231276844089759,0.010051663371391935
0.54,0.8933333333333334,0.13333333333333333,-0.6578290939245691,-0.007979493236247064,inf,-0.0017165395703888416,0.009825792734438763,0.21511887028005913,0.21683266643715474,0.3284497279538932,0.008882816245372677
0.5133333333333333,0.8933333333333334,0.14166666666666666,-0.6579002135416611,-0.013885301027885792,inf,-0.0029815549910669342,-0.0003428434721357405,0.2147274290329817,0.21655091623785483,0.33075709512873835,0.01004520201280067
0.5666666666666667,0.9400000000000001,0.11666666666666667,-0.6599547600186385,0.010676526739579471,93.6634192365998,0.002342978402794265,0.024984667790593825,0.21945136840321822,0.22087021741706234,0.32179916553771326,0.006793707240055186
0.5133333333333333,0.9400000000000001,0.13333333333333333,-0.6614626288682998,4.8091366565768974e-06,207937.5304572425,1.0429784389343054e-06,-0.0005823822415369336,0.21687436091214937,0.21832707279437613,0.33485510758826803,0.008890046511039456
0.5533333333333333,0.8233333333333334,0.14166666666666666,-0.6628998106694497,-0.02465069135384868,inf,-0.005314730117892511,0.018727919550100537,0.21560166575460893,0.21819508100048163,0.31918370306811755,0.010036954334161489
0.5533333333333333,0.9166666666666667,0.125,-0.6629780530951359,0.0027327357152848258,365.9336665476898,0.0005961509166391725,0.017459351101149764,0.21815169074153856,0.2197017993678283,0.32678881316626673,0.007793254907608949
0.5,0.8700000000000001,0.15,-0.663078364091646,-0.020763731825758996,inf,-0.0044835690837327965,-8.189695035810019e-06,0.21593271967472563,0.21797046820603122,0.3266620741360989,0.011249999999890991
0.5533333333333333,0.8700000000000001,0.13333333333333333,-0.666118410113502,-0.009303641995586809,inf,-0.0020257313230676805,0.01803944441560124,0.21773530452145387,0.21971041514767284,0.3244890775548868,0.008863489735324016
0.58,0.9166666666666667,0.11666666666666667,-0.6700164200560491,0.008234158318286482,121.44532098431873,0.0018286063658577852,0.03241657894941633,0.2220756870555673,0.2236088184161623,0.3184942774607584,0.006768850231271186
0.5666666666666667,0.8,0.14166666666666666,-0.6709323794277214,-0.027263235420169042,inf,-0.005944173771294086,0.026493734844161055,0.2180289198873532,0.2209610741663639,0.3156019559016619,0.01001039818114554
0.5,0.9166666666666667,0.14166666666666666,-0.6716743167021911,-0.004247782274689249,inf,-0.0009341502262552774,-1.741950227440725e-06,0.21991480868063468,0.2214942818259597,0.333888926748927,0.010034722222129503
0.5666666666666667,0.8933333333333334,0.125,-0.6726997043577623,0.0013923959683372275,718.1865092543903,0.0003076648923515508,0.025519728414760648,0.22096077505808803,0.22270763917266095,0.32306463986650785,0.007767268507388866
0.5666666666666667,0.8466666666666667,0.13333333333333333,-0.6740492020674536,-0.011497300413554677,inf,-0.0025313581588458298,0.026024884384607448,0.22016978488806813,0.22241544956216483,0.3203294884024128,0.00883270385222594
0.5266666666666666,0.8466666666666667,0.15,-0.6753615280125184,-0.02903667148240055,inf,-0.006368956564362777,0.0038160258266069606,0.2193418267043133,0.22175335162601534,0.33999648795257403,0.01128599583603996
0.54,0.8233333333333334,0.15,-0.6795053129825437,-0.032132580699132635,inf,-0.00708414019618462,0.011078576340422643,0.2204659582906095,0.2232041148309105,0.3357728294851,0.01129129373542949
0.58,0.8700000000000001,0.125,-0.6809573403779652,-0.0023466344404818604,inf,-0.0005235178499714466,0.032943159699939085,0.22309305656655531,0.22501472122299082,0.3189811193179788,0.007733504017937101
0.58,0.8233333333333334,0.13333333333333333,-0.6810422450175342,-0.01633975239723114,inf,-0.003629102628611567,0.03333827580079472,0.22210266963571235,0.22458971192600422,0.31625141550181507,0.00879491870335609
0.5266666666666666,0.8933333333333334,0.14166666666666666,-0.6830914659516094,-0.011728151418667999,inf,-0.002616626868642223,0.003161440606974679,0.2231065046173663,0.22495483586531873,0.3480489982519727,0.010042846637497813
0.5133333333333333,0.8700000000000001,0.15,-0.6831976534901155,-0.02208810825449933,inf,-0.004912145484682647,-0.00031743320514550534,0.22238869114932225,0.22458947114519992,0.34417534123078786,0.011269614327450075
0.5266666666666666,0.9400000000000001,0.13333333333333333,-0.6843501403150105,0.0017043417838274696,586.736773978681,0.0003832719490151364,0.0027310548134610855,0.22487974692166263,0.22635820414617705,0.3523525895905709,0.008888329265504383
0.54,0.8700000000000001,0.14166666666666666,-0.6865088222415268,-0.014857490619152269,inf,-0.0033279845531604887,0.010249540217031465,0.2239937172748742,0.22606025840452434,0.34378896543882065,0.01003667195360956
0.5533333333333333,0.8,0.15,-0.6880358172547825,-0.033656339607599,inf,-0.007509516164393865,0.01954257833014985,0.22312337740668478,0.22627604188361364,0.33188529859624655,0.011281871462718225
0.54,0.9166666666666667,0.13333333333333333,-0.6892820772712512,-0.0008752189343781731,inf,-0.0001977375939242876,0.009630635114722992,0.22592929169748424,0.22753935896330782,0.34891575984668616,0.008880791472841664
0.5533333333333333,0.9400000000000001,0.125,-0.689521635530687,0.008586283123009901,116.46482950464979,0.0019632312854818736,0.01761529123981623,0.22864739694184083,0.23013414321500794,0.34641942176185886,0.007803590086650538
0.5133333333333333,0.9166666666666667,0.14166666666666666,-0.6925020543973246,-0.00546750920277347,inf,-0.0012391757869959514,-0.0006550137241655137,0.22664356675748482,0.22834008241669118,0.35177732109933585,0.010039688124617927
0.5533333333333333,0.8466666666666667,0.14166666666666666,-0.6944373725567898,-0.0165978885248193,inf,-0.003758625850587362,0.018791689687054174,0.22645204810039424,0.22884711997974533,0.33926398843779587,0.010017262607163574
0.58,0.9400000000000001,0.11666666666666667,-0.6964416417001721,0.013482542182005466,74.1699886045715,0.0031340403729980073,0.033274211079018075,0.23245173875152922,0.23394167446497927,0.3371393083255591,0.0067907804717891145
0.5533333333333333,0.8933333333333334,0.13333333333333333,-0.6978398901847302,-0.0021752444661940736,inf,-0.0004973411543672022,0.018139034702160415,0.22863690132143052,0.23048300410184838,0.3448350787955208,0.008861519461930726
0.5,0.8933333333333334,0.15,-0.6984411516380877,-0.01134235963790104,inf,-0.0025877441321936912,-4.735151775008717e-06,0.2281486581986538,0.23002806446723698,0.34798297420574986,0.011249999999893776
0.5666666666666667,0.9166666666666667,0.125,-0.6996893615240504,0.007511271211684765,133.13325691720053,0.0017402764961711279,0.026024870610834184,0.23168867787171632,0.2333528222735208,0.3427214388176854,0.007780497804260463
0.5666666666666667,0.8233333333333334,0.14166666666666666,-0.7021190418780693,-0.01927579988075842,inf,-0.004409478660808944,0.027000659173197064,0.22875723384172472,0.23148295333743482,0.33477814778113957,0.009985503176573625
0.5,0.9400000000000001,0.14166666666666666,-0.7033699924275504,0.0037932685617622234,263.624888066305,0.0008791510504014663,-2.1472048588577763e-07,0.23176609725546105,0.23326885583388343,0.3547459034448592,0.010034722222130942
0.5666666666666667,0.8700000000000001,0.13333333333333333,-0.7060385089643771,-0.004200316008330242,inf,-0.0009709857065225318,0.026525137192905782,0.23116967975667366,0.2332673147334853,0.3403219579591706,0.00883030732488994
0.58,0.8,0.14166666666666666,-0.7094259131502458,-0.024644583706948532,inf,-0.00568635034864115,0.03455177702037358,0.23073428288577202,0.2337516363313471,0.33068858241406496,0.009946859949770685
0.5266666666666666,0.8700000000000001,0.15,-0.7095286652074481,-0.01970861485799139,inf,-0.004555424943460055,0.0033463020618892613,0.2311387672996682,0.23336572586301144,0.36215462168177337,0.011270770937184831
0.58,0.8933333333333334,0.125,-0.7098066548739392,0.004172593139486253,239.65912001742018,0.0009764035796722381,0.033828320657690175,0.2340040226861076,0.23582333250096332,0.33847162248620905,0.007748865973846419
0.54,0.8466666666666667,0.15,-0.7125921510898046,-0.02321142344285837,inf,-0.005382082740820029,0.010751384290845238,0.2318721535570441,0.23438089730962264,0.35734927353532,0.011268992845435942
0.58,0.8466666666666667,0.13333333333333333,-0.7129659625640635,-0.008767552458634637,inf,-0.002043622593347064,0.03423836975096558,0.23308929179367754,0.23541140744793843,0.33562156189326997,0.008791151959836714
0.5266666666666666,0.9166666666666667,0.14166666666666666,-0.7173295289312756,-0.003559281251586629,inf,-0.0008361316445404218,0.0027608363104562415,0.23491586796286398,0.23664439745531957,0.3701392054697162,0.010036388246390613
0.54,0.9400000000000001,0.13333333333333333,-0.7177294176566876,0.005886788781737619,169.87190080647457,0.0013960638743610407,0.009449231841820107,0.23715202398496127,0.23868848684357982,0.37030465281609143,0.008884199844362147
0.54,0.8933333333333334,0.14166666666666666,-0.720045715489171,-0.006786371978804993,inf,-0.0015985736235440743,0.009984067059855306,0.23555643995594328,0.237473631837662,0.36579237423822886,0.010027866777002752
0.5133333333333333,0.8933333333333334,0.15,-0.7200918519382374,-0.012643996052610287,inf,-0.002972868719041122,-0.0006743492180044939,0.23512097810465454,0.23713860250815633,0.36661225918164114,0.011261748969368223
0.5533333333333333,0.8233333333333334,0.15,-0.7204422605282275,-0.025157578034246765,inf,-0.005893871103670049,0.019580043203310794,0.234278160467068,0.23718781545064876,0.35252980259350375,0.011252502436914608
0.5133333333333333,0.9400000000000001,0.14166666666666666,-0.7266857721672821,0.0025496255800089023,392.2144521300686,0.000609505796598988,-0.0009663087930929208,0.23905698208317314,0.24066367563840027,0.373726624297345,0.010036029069103137
0.5533333333333333,0.9166666666666667,0.13333333333333333,-0.7275959020071717,0.004665863543776382,214.32259872534468,0.0011199228929074706,0.018248086345821292,0.24002478477993497,0.2417693841757565,0.3662909609675673,0.008866992250435067
0.5666666666666667,0.9400000000000001,0.125,-0.7276089593863373,0.013296418991455854,75.20821964489762,0.003228292626723174,0.02653971485289759,0.24279414094859997,0.24440162383551506,0.36328165115127986,0.00779889861741029
0.5533333333333333,0.8700000000000001,0.14166666666666666,-0.7279832271124376,-0.008619177161450416,inf,-0.0020514539540910245,0.018850327751461036,0.2380104174289661,0.24022938002420857,0.36092383519568666,0.01000604895901813
0.5666666666666667,0.8,0.15,-0.7282224732856226,-0.028092660720960665,inf,-0.006646228403858436,0.027953128773133912,0.2365823753710702,0.23988277263536928,0.34809049478122284,0.011222730140799842
0.5,0.9166666666666667,0.15,-0.7353047775431444,-0.002234617481050651,inf,-0.0005383350612653785,-2.092655786881892e-06,0.24090703032192756,0.24266523662199374,0.3704285624138329,0.011249999999896051
0.5666666666666667,0.8466666666666667,0.14166666666666666,-0.7356371509138577,-0.011241296873921376,inf,-0.0027013602662923175,0.02750274786315537,0.24030681660575914,0.24283958024674165,0.355806573795469,0.009971294583176941
0.5666666666666667,0.8933333333333334,0.13333333333333333,-0.7375725357953578,0.0028533169641441016,350.4693003148236,0.0006926010063853401,0.027027151219707776,0.24273539010521283,0.24470997070780556,0.36162957216764285,0.008837425501740218
0.58,0.9166666666666667,0.125,-0.7381794111407093,0.010374235573183234,96.39264434913537,0.0025454676161384645,0.034723526586055854,0.24536435462467643,0.24710630735632858,0.3590408016346185,0.007770363785898045
0.58,0.8233333333333334,0.14166666666666666,-0.7424401790272793,-0.016509984508346228,inf,-0.003997272441974278,0.035466917026077814,0.2421124283886246,0.2449240208394608,0.35075453081545577,0.009928638692460587
0.5266666666666666,0.8933333333333334,0.15,-0.7458873101843279,-0.010538772263954358,inf,-0.002568415916780345,0.0028729682321552447,0.24371111287460573,0.24576553654265826,0.38573157289767346,0.011259108341001007
0.58,0.8700000000000001,0.13333333333333333,-0.7468287697870617,-0.0013675680182926352,inf,-0.0003347152114371217,0.03515340702764807,0.2447521490411884,0.24692987629866064,0.35654015181037696,0.008799009015963989
0.54,0.8700000000000001,0.15,-0.7478438678241037,-0.014294125237072642,inf,-0.0034884947291499023,0.010417055278143423,0.2440509419983455,0.2463575034586931,0.3806034846091798,0.011252185858025943
0.5266666666666666,0.9400000000000001,0.14166666666666666,-0.7498993301926135,0.0042395833774289795,235.87223341894324,0.0010482087239865204,0.002367544476558393,0.24724333281592117,0.24888604426506508,0.39320446863952657,0.01003409045988581
0.54,0.9166666666666667,0.14166666666666666,-0.7543371091454787,0.0010083425029150297,991.7265186274385,0.00024971717063110164,0.009726579483736003,0.24765114027147644,0.24945258601757694,0.38897540959149995,0.010025580998637663
0.5533333333333333,0.8466666666666667,0.15,-0.7553515501112762,-0.016500189072269758,inf,-0.004064386963771476,0.019602208275481644,0.24632366004836218,0.24900643216307794,0.37514748640342643,0.011230425898688572
0.5533333333333333,0.9400000000000001,0.13333333333333333,-0.7568456515079632,0.011171979822719223,89.50964966535388,0.0028135062584131454,0.01837270149437258,0.25183595952184124,0.25350931802956816,0.3887112825138664,0.008878751387477945
0.5133333333333333,0.9166666666666667,0.15,-0.7588200638222576,-0.003529796114461385,inf,-0.0008771750373169578,-0.0010335542811006205,0.2485058651753904,0.2503802001631104,0.39023224162509734,0.011255567309260237
0.5666666666666667,0.8233333333333334,0.15,-0.7627031892074134,-0.01956221754377909,inf,-0.004860681964136383,0.028458170002001553,0.24847295319451707,0.25153609816307454,0.369708086767705,0.011194820170276312
0.5533333333333333,0.8933333333333334,0.14166666666666666,-0.7632956629369019,-0.000836646763215659,inf,-0.0002093225300837531,0.018911167094483147,0.25019224275633384,0.2522643017596259,0.38398894364292746,0.010003824705070235
0.5666666666666667,0.9166666666666667,0.13333333333333333,-0.7673352821893947,0.009605885419454506,104.10284490534632,0.0024475336758086595,0.027535214720112337,0.25479521865332105,0.2566751622091426,0.38409709840079753,0.008852477501736348
0.58,0.9400000000000001,0.125,-0.7674895682249465,0.016236341412313254,61.59022988033646,0.004174537550063786,0.03562899876995622,0.25711072735252516,0.25880331743507856,0.38055082687533714,0.007795538806900769
0.5,0.9400000000000001,0.15,-0.7684954291280065,0.006488509695827306,154.11859531366497,0.0016489134447843572,-2.9470528410513454e-07,0.2541282239039816,0.2558051611056173,0.3938478776636472,0.011249999999897665
0.58,0.8,0.15,-0.7698419424222032,-0.02530947453431957,inf,-0.006335718469483883,0.036646087021946924,0.25032990949269485,0.2537273000437509,0.3646939068693625,0.011151496967909002
0.5666666666666667,0.8700000000000001,0.14166666666666666,-0.7712199214625513,-0.003326808016894761,inf,-0.0008402967578753748,0.028001803758629096,0.2525834835097298,0.25494630611524854,0.3784873168565341,0.009968589128489035
0.58,0.8466666666666667,0.14166666666666666,-0.7779154114680327,-0.008355231295496063,inf,-0.002125215254472972,0.036403840914805745,0.25435744138149496,0.2569785993753518,0.37275225195360195,0.009924386392159416
0.58,0.8933333333333334,0.13333333333333333,-0.7779301388819378,0.005771053394299356,173.278590870048,0.0014831850917887684,0.036080505159990006,0.2570042227046206,0.2590640795760921,0.3788319566276184,0.00881648750802081
0.5266666666666666,0.9166666666666667,0.15,-0.7841380862278711,-0.0016575134972168695,inf,-0.0004259060709977955,0.0024014553160353956,0.25695481316618796,0.2588723170887269,0.4105511458888412,0.011251867791801238
0.54,0.9400000000000001,0.14166666666666666,-0.7848321892549838,0.008457049394663381,118.24455000003029,0.0022005923487922008,0.009483571075129888,0.2602080520164435,0.26193290729577695,0.4131813550613804,0.010029428730549458
0.54,0.8933333333333334,0.15,-0.7849918118038932,-0.0055348797228776375,inf,-0.0014219557075298068,0.010082946636287587,0.2569081495397913,0.2590482702564809,0.405345064013145,0.011242314310549796
0.5533333333333333,0.8700000000000001,0.15,-0.7924829143852529,-0.007882229900533486,inf,-0.00204276425767795,0.01961706382531911,0.2591607049598606,0.26164378108403785,0.3995213975079228,0.011217854196269458
0.5533333333333333,0.9166666666666667,0.14166666666666666,-0.7948957889446733,0.0066661535536438705,150.0115459316681,0.0017526660830166198,0.018981570208454826,0.2629201486153245,0.26487858371384143,0.40828835849698,0.010010002970217716
0.5133333333333333,0.9400000000000001,0.15,-0.7949908930182004,0.005170311704126301,193.4119366926996,0.001356856459732498,-0.0013922581807647135,0.26243223569086244,0.2642041610097508,0.41487584050531495,0.01125146511553431
0.5666666666666667,0.9400000000000001,0.13333333333333333,-0.7980834003779339,0.016021168789274554,62.41741867606155,0.00428218066299177,0.028053956026642752,0.26728266328849215,0.2690996186490056,0.40757399411714273,0.008873413538031262
0.5666666666666667,0.8466666666666667,0.15,-0.7997739671925607,-0.010937677085355273,inf,-0.002857839759336537,0.028956078354650586,0.26128397620761445,0.26412676080379044,0.39339060726579356,0.011178890812973456
0.5666666666666667,0.8933333333333334,0.14166666666666666,-0.8051334624049407,0.004361251997239203,229.29195575789444,0.0011578981849325273,0.028501792790905697,0.2654967393916953,0.26772002351772667,0.4026366524943791,0.00997662488282392
0.58,0.8233333333333334,0.15,-0.8063115063892232,-0.016635782793383024,inf,-0.004374051577744972,0.03759364593062851,0.2629303130529437,0.26609234372034896,0.38730735506408015,0.011131068983935052
0.58,0.9166666666666667,0.13333333333333333,-0.8091968512255071,0.012596342030985528,79.38812692924,0.0033980766062799246,0.03701887338774875,0.2697669369346318,0.271738849399111,0.40233405360264834,0.008840947240843996
0.58,0.8700000000000001,0.14166666666666666,-0.8155557441826164,-0.00034536860759859555,inf,-9.233949528671248e-05,0.037356636629212986,0.26736505071715727,0.2698208547634397,0.39647686956220113,0.0099332562719281
0.5266666666666666,0.9400000000000001,0.15,-0.818445757499932,0.00684171858564978,146.16210641832865,0.0018525488597679648,0.0019372274725683383,0.27077244358655866,0.27259670346071957,0.43644539364684126,0.011249291726653987
0.54,0.9166666666666667,0.15,-0.8213960418799764,0.002955753281062462,338.3232309702603,0.0007991121176699734,0.00975655302743607,0.2703581935575922,0.27237593250184305,0.43138918719933456,0.011239751707815233
0.5533333333333333,0.9400000000000001,0.14166666666666666,-0.8268982136341527,0.013830826253498654,72.30226030401036,0.0038190050836709186,0.019068647637820946,0.2761226996619136,0.278003716965031,0.4336582264427194,0.010023277933520024
0.5533333333333333,0.8933333333333334,0.15,-0.8311044425319762,0.0005595679051191511,1787.0932032584424,0.00015259046253924424,0.019633005014769323,0.2726933784859453,0.27501208662847776,0.4254515494303799,0.011215360569006076
0.5666666666666667,0.9166666666666667,0.14166666666666666,-0.8377274834413533,0.011754325469065477,85.07506471823982,0.003279047029109817,0.029007848082774103,0.2789651382156697,0.28108320950582744,0.4280761097803665,0.009993617179694549
0.5666666666666667,0.8700000000000001,0.15,-0.8391283515906787,-0.00240234409241556,inf,-0.0006604224512288738,0.029449168542748056,0.27490751775063926,0.2775584415228983,0.418906986522236,0.011175857708063832
0.58,0.9400000000000001,0.13333333333333333,-0.8414572832751258,0.01907790328931098,52.4166615605124,0.005398427334699099,0.0379691241012503,0.2829675385619417,0.2848852624219916,0.4268890272082813,0.008869590820295984
0.58,0.8466666666666667,0.15,-0.8455182136185546,-0.007897182169684555,inf,-0.002183595772829181,0.038564145453107934,0.2765031533920411,0.2794481458309026,0.412075882664586,0.011126301699168341
0.58,0.8933333333333334,0.14166666666666666,-0.8488201472072621,0.007418160003352356,134.80431799099614,0.002084768608022849,0.03832241636732599,0.2810358103735585,0.28335862365495845,0.4217347960389622,0.009952987850851622
0.54,0.9400000000000001,0.15,-0.8546669653949275,0.01109501572756201,90.13056173645798,0.003154937623971868,0.009445278556311052,0.2843563002920705,0.286294109369881,0.4585599795801026,0.011244065428020842
0.5533333333333333,0.9166666666666667,0.15,-0.8648292969528012,0.008729174058783935,114.55837554226869,0.002503826496206647,0.019658469272278198,0.2868342960451239,0.28902855246428816,0.45274585164941955,0.011222287066956884
0.5666666666666667,0.9400000000000001,0.14166666666666666,-0.8713504788357249,0.018806709629515684,53.17251234796421,0.005508734465265691,0.02952550311676684,0.29291325137599594,0.2949640278594751,0.45463478969415855,0.010017252001918105
0.5666666666666667,0.8933333333333334,0.15,-0.875333617442857,0.00592424913571606,168.79776273607553,0.0017135410501443885,0.02994216200502639,0.28924189562079816,0.291737226992874,0.44605248105695033,0.011184866650639964
0.58,0.9166666666666667,0.14166666666666666,-0.8830386226375884,0.014873096991404633,67.23549241815029,0.00439173571362714,0.03930064777696589,0.2952805132760974,0.29750664023554135,0.44833881000165393,0.009980600596109045
0.58,0.8700000000000001,0.15,-0.8864883740491066,0.0007251240797508877,1379.0743238640543,0.00021095932891777202,0.0395513384145293,0.29092859389009107,0.2936873478414119,0.4387612927884291,0.011136245785829427
0.5533333333333333,0.9400000000000001,0.15,-0.899614901904069,0.016557346894757685,60.39614959789334,0.00499208482733644,0.019701645042651494,0.30150270203718516,0.30361577690384217,0.4812202647397969,0.011237169724776772
0.5666666666666667,0.9166666666666667,0.15,-0.9108030162955553,0.013962338818316981,71.62123860567795,0.0042472613502799435,0.030441096516730312,0.30419411858907375,0.3065756857024703,0.4746221867006335,0.011203916838135066
0.58,0.9400000000000001,0.14166666666666666,-0.9182942985727633,0.021980272879978006,45.495340547428206,0.006814254410634321,0.04029238198514311,0.31001682498862315,0.31218674611562136,0.4761110052588559,0.010012936511974766
0.58,0.8933333333333334,0.15,-0.9224270713773252,0.009116924401845297,109.68611298318945,0.002790644676111711,0.04055234365037879,0.30609496723992524,0.30870593596131923,0.46714567133316115,0.011158367002338842
0.5666666666666667,0.9400000000000001,0.15,-0.9473322799600888,0.02165624503118816,46.17605677068456,0.006923072457306972,0.03095248765211636,0.31968018681616944,0.32199279279910376,0.5044258690629237,0.011230414009070816
0.58,0.9166666666666667,0.15,-0.9596420315473781,0.017205385305289898,58.121337142769136,0.005538417486985028,0.0415669180827673,0.321900229998465,0.3244078625589848,0.4970169358181574,0.011189323851693184
0.58,0.9400000000000001,0.15,-0.9979254375458279,0.02494201562485096,40.092990680498595,0.00843671697107009,0.042596602671357106,0.33825321489511745,0.3407050812910449,0.5281770490994101,0.011225575881937106
