seq,rtt_ms
44,415.16
45,296.66
46,2846.10
47,327.17
48,9.10
49,35.00
50,9.52
51,51.18
52,457.86
53,265.69
54,10.11
55,15.59
56,164.39
57,120.35
58,9.27
59,26.66
60,418.06
61,16.34
62,344.54
63,2213.45
64,10.91
65,11.60
66,4.61
67,6.17
68,7.95
69,7.98
70,13.70
71,43.83
72,7.66
73,10.43
74,6.73
75,6.65
76,4.59
77,6.86
78,6.50
79,6.51
80,6.76
81,6.62
82,7.65
83,5.86
84,9.71
85,4.22
86,31.98
87,5.58
88,5.09
89,4.98
90,5.34
91,4.15
92,8.20
93,3.99
94,31.33
95,16.94
96,84.21
97,20.61
98,44.76
99,14.93
100,9.64
101,7.80
102,7.44
103,150.06
104,9.56
105,15.77
106,4.79
107,8.14
108,12.49
109,60.46
110,11.67
111,222.26
112,162.55
113,12.89
114,29.86
115,9.77
116,48.57
117,8.57
118,5.57
119,5.62
120,5.84
121,7.54
122,6.58
123,6.32
124,9.33
125,9.50
126,10.38
127,10.66
128,22.03
129,7.00
130,7.53
131,7.84
132,12.18
133,44.24
134,8.71
135,11.48
136,9.00
137,5.26
138,10.07
139,10.48
140,6.03
141,5.89
142,12.07
143,5.62
144,6.19
145,7.82
146,11.99
147,5.53
148,10.00
149,7.69
150,7.88
151,4.81
152,4.55
153,14.71
154,10.59
155,5.93
156,6.44
157,8.84
158,10.30
159,8.55
160,8.72
161,11.51
162,3.95
163,5.59
164,5.52
165,27.75
166,10.10
167,5.71
168,6.40
169,11.67
170,12.11
171,10.41
172,10.94
173,5.74
174,9.12
175,5.80
176,5.98
177,15.06
178,6.43
179,7.38
180,5.12
181,11.24
182,4.85
183,6.96
184,11.38
185,11.04
186,5.18
187,10.56
188,6.29
189,11.65
190,9.12
191,10.33
192,6.18
193,10.51
194,7.79
195,8.30
196,11.53
197,8.39
198,4.44
199,6.45
200,6.93
201,11.95
202,9.35
203,15.88
204,9.29
205,10.82
206,12.30
207,10.96
208,6.35
209,9.19
210,6.45
211,9.61
212,6.38
213,8.50
214,10.60
215,10.42
216,8.59
217,10.95
218,13.11
219,6.85
220,4.93
221,12.50
222,8.50
223,10.86
224,7.93
225,10.76
226,10.60
227,8.30
228,5.03
229,9.21
230,4.70
231,7.25
232,6.79
233,11.01
234,4.57
235,4.49
236,6.96
237,7.17
238,7.42
239,8.95
240,31.91
241,10.17
242,6.36
243,10.27
244,9.84
245,13.00
246,4.72
247,6.59
248,8.80
249,20.86
250,5.67
251,12.38
252,8.38
253,13.60
254,5.39
255,4.35
256,6.31
257,9.25
258,10.04
259,10.17
260,7.43
261,18.75
262,6.49
263,7.75
264,4.60
265,5.25
266,7.28
267,5.55
268,11.07
269,10.85
270,9.76
271,14.88
272,9.34
273,11.55
274,11.93
275,5.07
276,9.23
277,10.97
278,10.47
279,5.47
280,10.13
281,14.52
282,7.23
283,52.89
284,60.31
285,22.06
286,8.59
287,9.51
288,16.62
289,9.38
290,7.06
291,9.68
292,4.75
293,12.68
294,5.60
295,6.38
296,4.53
297,4.25
298,12.40
299,5.42
300,7.83
301,4.36
302,9.53
303,4.31
304,5.05
305,7.00
306,4.78
307,6.62
308,4.43
309,8.43
310,5.76
311,4.90
312,8.04
313,4.05
314,9.37
315,6.48
316,4.84
317,8.33
318,8.70
319,6.58
320,5.04
321,5.81
322,6.64
323,5.67
324,5.86
325,7.40
326,5.68
327,8.61
328,4.08
329,7.52
330,20.23
331,25.01
332,16.21
333,5.06
334,6.34
335,17.61
336,7.83
337,6.70
338,5.76
339,10.71
340,7.18
341,5.18
342,5.47
343,5.02
344,8.52
345,4.96
346,28.22
347,9.99
348,7.01
349,11.50
350,11.69
351,10.15
352,10.05
353,8.57
354,8.09
355,4.91
356,6.80
357,21.08
358,11.05
359,12.56
360,5.84
361,5.02
362,8.88
363,7.76
364,6.24
365,11.24
366,4.69
367,8.83
368,11.61
369,8.10
370,14.83
371,4.72
372,11.94
373,4.82
374,9.22
375,10.45
376,11.72
377,5.56
378,6.78
379,11.55
380,12.15
381,7.55
382,6.12
383,8.21
384,11.14
385,6.03
386,7.50
387,11.07
388,7.57
389,4.92
390,6.73
391,4.69
392,6.42
393,7.95
394,9.49
395,11.98
396,5.56
397,9.39
398,10.72
399,10.16
400,11.60
401,7.93
402,6.52
403,6.93
404,10.02
405,5.52
406,27.34
407,10.37
408,10.97
409,5.81
410,7.59
411,11.54
412,15.88
413,4.64
414,13.02
415,8.79
416,10.62
417,15.65
418,9.67
419,7.00
420,7.41
421,7.60
422,8.35
423,9.72
424,4.17
425,6.24
426,9.31
427,8.67
428,4.59
429,6.48
430,4.66
431,6.09
432,4.52
433,6.20
434,9.29
435,10.66
436,4.98
437,4.52
438,26.96
439,4.74
440,5.55
441,5.15
442,9.59
443,9.09
444,7.05
445,9.28
446,14.72
447,7.14
448,12.80
449,7.14
450,10.63
451,8.52
452,8.67
453,8.25
454,5.26
455,8.35
456,5.43
457,4.84
458,5.08
459,10.04
460,10.15
461,4.80
462,12.69
463,7.77
464,25.21
465,22.79
466,10.36
467,6.06
468,4.46
469,8.02
470,12.24
471,11.78
472,16.27
473,5.90
474,12.00
475,9.37
476,5.83
477,7.14
478,6.29
479,7.98
480,12.06
481,6.73
482,11.11
483,21.56
484,10.35
485,12.10
486,4.92
487,16.73
488,5.13
489,5.03
490,4.80
491,10.49
492,14.04
493,8.70
494,6.96
495,6.97
496,9.79
497,10.75
498,8.26
499,11.18
500,11.35
501,5.80
502,4.91
503,9.32
504,14.41
505,4.80
506,7.93
507,6.91
508,29.54
509,10.28
510,6.96
511,9.92
512,9.64
513,31.83
514,6.30
515,17.00
516,25.48
517,11.99
518,10.34
519,9.88
520,10.02
521,4.65
522,18.64
523,8.05
524,5.76
525,9.89
526,10.35
527,16.78
528,6.54
529,11.66
530,4.75
531,6.72
532,5.56
533,6.26
534,5.65
535,5.64
536,10.40
537,4.62
538,6.59
539,3.96
540,10.01
541,7.98
542,7.79
543,5.70
544,4.34
545,5.22
546,4.74
547,5.58
548,6.00
549,5.02
550,22.41
551,5.69
552,5.43
553,4.66
554,6.48
555,5.09
556,12.17
557,16.87
558,7.88
559,6.06
560,5.34
561,8.18
562,23.92
563,7.65
564,7.31
565,8.54
566,6.96
567,6.76
568,26.34
569,11.82
570,6.55
571,11.45
572,7.48
573,12.21
574,7.29
575,10.54
576,5.95
577,14.16
578,6.97
579,12.23
580,9.58
581,9.37
582,20.30
583,8.26
584,8.27
585,5.73
586,14.60
587,5.70
588,5.89
589,10.09
590,9.79
591,7.75
592,35.29
593,13.87
594,6.71
595,8.54
596,10.39
597,9.48
598,11.94
599,6.44
600,10.36
601,7.37
602,16.33
603,9.51
604,7.02
605,26.28
606,6.71
607,6.73
608,9.18
609,6.94
610,13.88
611,17.21
612,9.91
613,6.72
614,27.31
615,9.88
616,9.29
617,10.27
618,14.33
619,73.84
620,9.64
621,10.07
622,6.25
623,5.53
624,8.66
625,8.40
626,7.62
627,6.21
628,10.67
629,16.61
630,5.80
631,7.56
632,10.11
633,11.66
634,13.79
635,8.59
636,8.37
637,10.86
638,5.40
639,14.01
640,8.31
641,12.89
642,6.78
643,11.58
644,14.75
645,7.48
646,4.10
647,10.91
648,7.11
649,4.91
650,12.41
651,10.67
652,10.12
653,36.88
654,11.29
655,6.39
656,4.32
657,5.45
658,9.69
659,7.63
660,9.81
661,6.23
662,5.27
663,7.16
664,6.46
665,8.59
666,9.60
667,7.17
668,7.13
669,10.82
670,4.60
671,8.14
672,5.02
673,9.28
674,11.44
675,10.05
676,8.73
677,6.10
678,10.40
679,13.66
680,12.21
681,8.72
682,40.70
683,6.35
684,4.84
685,39.51
686,10.37
687,8.87
688,4.59
689,5.75
690,8.56
691,14.92
692,11.49
693,7.10
694,5.25
695,13.21
696,6.57
697,8.25
698,7.19
699,11.23
700,5.83
701,7.29
702,39.98
703,10.18
704,5.45
705,9.30
706,8.23
707,8.10
708,7.96
709,7.29
710,4.34
711,7.33
712,10.82
713,9.62
714,7.32
715,6.81
716,10.23
717,6.36
718,9.26
719,6.46
720,19.33
721,6.31
722,8.69
723,8.25
724,13.29
725,13.00
726,10.90
727,18.47
728,5.45
729,8.62
730,28.79
731,6.45
732,15.85
733,5.95
734,4.57
735,7.75
736,6.83
737,14.56
738,9.42
739,10.25
740,9.62
741,6.26
742,4.82
743,4.43
744,6.70
745,8.66
746,11.31
747,17.02
748,25.28
749,6.31
750,13.71
751,12.03
752,5.85
753,6.24
754,9.20
755,14.76
756,5.87
757,6.62
758,8.90
759,4.32
760,7.68
761,6.63
762,11.35
763,9.21
764,7.95
765,8.16
766,10.59
767,4.98
768,7.74
769,14.53
770,11.61
771,8.13
772,12.64
773,6.42
774,17.35
775,8.35
776,6.27
777,8.60
778,7.66
779,15.67
780,4.50
781,4.81
782,5.59
783,5.72
784,5.88
785,12.67
786,4.85
787,11.28
788,8.47
789,9.88
790,10.24
791,26.96
792,5.04
793,7.65
794,8.16
795,8.88
796,11.62
797,5.06
798,17.46
799,8.05
800,8.86
801,12.98
802,11.25
803,8.67
804,6.21
805,4.91
806,5.58
807,7.86
808,15.17
809,9.97
810,10.76
811,8.60
812,16.85
813,6.79
814,11.22
815,5.71
816,9.13
817,6.50
818,16.57
819,27.21
820,26.15
821,18.60
822,7.40
823,8.00
824,5.58
825,11.25
826,15.77